symbol,year,revenue,net_profit,debt,cash_flow,roe,computed_time
20MICRONS,2025,9116589000.0,623763000.0,1648262000.0,317862000.0,0.0,2026-02-19 09:28:41.227096
20MICRONS,2024,7759804000.0,560698000.0,1218548000.0,544434000.0,0.0,2026-02-19 09:28:41.227406
20MICRONS,2023,7007562000.0,418191000.0,1078292000.0,631967000.0,0.0,2026-02-19 09:28:41.227583
20MICRONS,2022,6114427000.0,345854000.0,1229595000.0,353205000.0,0.0,2026-02-19 09:28:41.227747
20MICRONS,2021,0.0,0.0,0.0,0.0,0.0,2026-02-19 09:28:41.227908
21STCENMGM,2025,163247000.0,123377000.0,0.0,51478000.0,0.0,2026-02-19 09:28:41.910418
21STCENMGM,2024,349546000.0,321731000.0,0.0,-27376000.0,0.0,2026-02-19 09:28:41.910690
21STCENMGM,2023,-135208000.0,-180636000.0,100000000.0,-45048000.0,0.0,2026-02-19 09:28:41.910871
21STCENMGM,2022,99744000.0,146578000.0,10000000.0,252974000.0,0.0,2026-02-19 09:28:41.911035
21STCENMGM,2021,0.0,0.0,0.0,0.0,0.0,2026-02-19 09:28:41.911196
360ONE,2025,26353100000.0,10153000000.0,110255300000.0,-24108700000.0,0.0,2026-02-19 09:28:42.587555
360ONE,2024,20061200000.0,8042100000.0,93511600000.0,-4701100000.0,0.0,2026-02-19 09:28:42.587826
360ONE,2023,16471500000.0,6579300000.0,67812400000.0,-13225100000.0,0.0,2026-02-19 09:28:42.587994
360ONE,2022,14946400000.0,5777400000.0,55708000000.0,9288000000.0,0.0,2026-02-19 09:28:42.588158
3IINFOLTD,2025,7257600000.0,253500000.0,635100000.0,282500000.0,0.0,2026-02-19 09:28:43.213869
3IINFOLTD,2024,8138800000.0,-3135800000.0,844800000.0,241200000.0,0.0,2026-02-19 09:28:43.214134
3IINFOLTD,2023,7291100000.0,13700000.0,992400000.0,1447400000.0,0.0,2026-02-19 09:28:43.214324
3IINFOLTD,2022,6770100000.0,-574900000.0,1186400000.0,-500400000.0,0.0,2026-02-19 09:28:43.214481
3IINFOLTD,2021,0.0,0.0,0.0,0.0,0.0,2026-02-19 09:28:43.214633
3PLAND,2025,36586000.0,20902000.0,0.0,11711000.0,0.0,2026-02-19 09:28:44.402597
3PLAND,2024,28792000.0,18079000.0,0.0,1174000.0,0.0,2026-02-19 09:28:44.402856
3PLAND,2023,18458000.0,15352000.0,0.0,144000.0,0.0,2026-02-19 09:28:44.403141
3PLAND,2022,17394000.0,11547000.0,0.0,-807000.0,0.0,2026-02-19 09:28:44.403516
3PLAND,2021,0.0,0.0,0.0,0.0,0.0,2026-02-19 09:28:44.403791
5PAISA,2025,2291570000.0,682340000.0,2174160000.0,979350000.0,0.0,2026-02-19 09:28:45.000607
5PAISA,2024,2593660000.0,544410000.0,3363170000.0,-916850000.0,0.0,2026-02-19 09:28:45.000876
5PAISA,2023,2359730000.0,435670000.0,1692830000.0,245940000.0,0.0,2026-02-19 09:28:45.001045
5PAISA,2022,2159730000.0,137360000.0,2789760000.0,-1406260000.0,0.0,2026-02-19 09:28:45.001224
5PAISA,2021,0.0,0.0,0.0,0.0,0.0,2026-02-19 09:28:45.001391
63MOONS,2025,468204000.0,-331704000.0,28480000.0,-1427828000.0,0.0,2026-02-19 09:28:45.566499
63MOONS,2024,3688358000.0,2225058000.0,51711000.0,471573000.0,0.0,2026-02-19 09:28:45.566775
63MOONS,2023,2896778000.0,-163088000.0,42019000.0,707124000.0,0.0,2026-02-19 09:28:45.566945
63MOONS,2022,1597650000.0,-531734000.0,2795000.0,-1017970000.0,0.0,2026-02-19 09:28:45.567108
63MOONS,2021,0.0,0.0,0.0,0.0,0.0,2026-02-19 09:28:45.567293
A2ZINFRA,2025,3362675000.0,89731000.0,916225000.0,542143000.0,0.0,2026-02-19 09:28:46.245007
A2ZINFRA,2024,3884880000.0,-56918000.0,1979510000.0,953277000.0,0.0,2026-02-19 09:28:46.245297
A2ZINFRA,2023,3494416000.0,-1229203000.0,3134352000.0,550923000.0,0.0,2026-02-19 09:28:46.245469
A2ZINFRA,2022,3533250000.0,-1799100000.0,3939917000.0,381362000.0,0.0,2026-02-19 09:28:46.245634
AADHARHFC,2025,28351700000.0,9118300000.0,163218800000.0,-30266500000.0,0.0,2026-02-19 09:28:46.933285
AADHARHFC,2024,23542300000.0,7496400000.0,139584400000.0,-25501000000.0,0.0,2026-02-19 09:28:46.933537
AADHARHFC,2023,18810100000.0,5447600000.0,121503300000.0,-11556900000.0,0.0,2026-02-19 09:28:46.933705
AADHARHFC,2022,16118500000.0,4448500000.0,106666000000.0,-9067500000.0,0.0,2026-02-19 09:28:46.933867
AAKASH,2025,981889390.0,18408290.0,237283160.0,82294550.0,0.0,2026-02-19 09:28:47.450221
AAKASH,2024,922326130.0,62056860.0,259780750.0,102108350.0,0.0,2026-02-19 09:28:47.450491
AAKASH,2023,925769270.0,45359070.0,244425160.0,184980200.0,0.0,2026-02-19 09:28:47.450661
AAKASH,2022,768766480.0,61214600.0,163072580.0,97302480.0,0.0,2026-02-19 09:28:47.450829
AAKASH,2021,0.0,0.0,0.0,0.0,0.0,2026-02-19 09:28:47.450990
AAREYDRUGS,2025,4722350000.0,40239000.0,348560000.0,103004000.0,0.0,2026-02-19 09:28:48.103974
AAREYDRUGS,2024,3951029000.0,46837000.0,313524000.0,-29938000.0,0.0,2026-02-19 09:28:48.104270
AAREYDRUGS,2023,4128498000.0,37711000.0,377181000.0,-12811000.0,0.0,2026-02-19 09:28:48.104436
AAREYDRUGS,2022,4916097000.0,65548000.0,141625000.0,4988000.0,0.0,2026-02-19 09:28:48.104592
AARON,2025,778664000.0,82432000.0,318567000.0,86325000.0,0.0,2026-02-19 09:28:48.765553
AARON,2024,631809000.0,63309000.0,315624000.0,56037000.0,0.0,2026-02-19 09:28:48.765823
AARON,2023,558054000.0,54044000.0,113734000.0,40713000.0,0.0,2026-02-19 09:28:48.765987
AARON,2022,377292000.0,37092000.0,91541000.0,11737000.0,0.0,2026-02-19 09:28:48.766146
AARON,2021,0.0,0.0,0.0,0.0,0.0,2026-02-19 09:28:48.766337
AARTECH,2025,363522000.0,27642000.0,56375000.0,-15216000.0,0.0,2026-02-19 09:28:49.503970
AARTECH,2024,327441000.0,13153000.0,42002000.0,14920000.0,0.0,2026-02-19 09:28:49.504264
AARTECH,2023,216880000.0,14217000.0,27801000.0,-48226000.0,0.0,2026-02-19 09:28:49.504469
AARTECH,2022,163364000.0,27975000.0,7990000.0,16580000.0,0.0,2026-02-19 09:28:49.504632
AARTECH,2021,0.0,0.0,0.0,0.0,0.0,2026-02-19 09:28:49.504791
AARTIDRUGS,2025,23689276000.0,1681585000.0,6150707000.0,2445838000.0,0.0,2026-02-19 09:28:50.099633
AARTIDRUGS,2024,25088708000.0,1714182000.0,5642800000.0,3589232000.0,0.0,2026-02-19 09:28:50.099927
AARTIDRUGS,2023,27055678000.0,1663088000.0,6089145000.0,1333212000.0,0.0,2026-02-19 09:28:50.100096
AARTIDRUGS,2022,24886458000.0,2050386000.0,5428153000.0,704140000.0,0.0,2026-02-19 09:28:50.100294
AARTIDRUGS,2021,0.0,0.0,0.0,0.0,0.0,2026-02-19 09:28:50.100472
AARTIIND,2025,71313200000.0,3308700000.0,38477900000.0,12419300000.0,0.0,2026-02-19 09:28:50.834951
AARTIIND,2024,61916900000.0,4164600000.0,36226700000.0,12095700000.0,0.0,2026-02-19 09:28:50.835231
AARTIIND,2023,64921600000.0,5452300000.0,29073100000.0,13187400000.0,0.0,2026-02-19 09:28:50.835409
AARTIIND,2022,51911900000.0,11856700000.0,25869500000.0,5186500000.0,0.0,2026-02-19 09:28:50.835569
AARTIPHARM,2025,20860021000.0,2724048000.0,4208179000.0,3315615000.0,0.0,2026-02-19 09:28:51.411687
AARTIPHARM,2024,18155052000.0,2169021000.0,2852540000.0,2163546000.0,0.0,2026-02-19 09:28:51.411951
AARTIPHARM,2023,19360045000.0,1934934000.0,2153128000.0,2501154000.0,0.0,2026-02-19 09:28:51.412121
AARTIPHARM,2022,11920336000.0,1222511000.0,3414005000.0,-437038000.0,0.0,2026-02-19 09:28:51.412357
AARTIPHARM,2021,0.0,0.0,0.0,0.0,0.0,2026-02-19 09:28:51.412594
AARTISURF,2025,6485132000.0,145447000.0,880685000.0,111381000.0,0.0,2026-02-19 09:28:51.990456
AARTISURF,2024,5856154000.0,213270000.0,776096000.0,519605000.0,0.0,2026-02-19 09:28:51.990712
AARTISURF,2023,5972476000.0,127045000.0,1282616000.0,245192000.0,0.0,2026-02-19 09:28:51.990881
AARTISURF,2022,5703729000.0,54948000.0,1413728000.0,233176000.0,0.0,2026-02-19 09:28:51.991046
AARVI,2025,5040768000.0,100445000.0,267812000.0,-24026000.0,0.0,2026-02-19 09:28:52.587786
AARVI,2024,3997643000.0,113436000.0,97510000.0,31438000.0,0.0,2026-02-19 09:28:52.588044
AARVI,2023,4299906000.0,145115000.0,34030000.0,67332000.0,0.0,2026-02-19 09:28:52.588236
AARVI,2022,2834715000.0,120674000.0,64303000.0,-104101000.0,0.0,2026-02-19 09:28:52.588409
AARVI,2021,0.0,0.0,0.0,0.0,0.0,2026-02-19 09:28:52.588572
AAVAS,2025,19875221000.0,5741082000.0,139184758000.0,-16601262000.0,0.0,2026-02-19 09:28:53.158675
AAVAS,2024,16799835000.0,4906942000.0,124119192000.0,-20005115000.0,0.0,2026-02-19 09:28:53.158931
AAVAS,2023,13555177000.0,4296438000.0,98872786000.0,-19241174000.0,0.0,2026-02-19 09:28:53.159100
AAVAS,2022,11107567000.0,3551806000.0,80119798000.0,-11351088000.0,0.0,2026-02-19 09:28:53.159306
ABB,2024,120876700000.0,18716400000.0,518800000.0,13318000000.0,0.0,2026-02-19 09:28:53.731290
ABB,2023,103666800000.0,12420500000.0,489800000.0,13514800000.0,0.0,2026-02-19 09:28:53.731552
ABB,2022,84984100000.0,10162300000.0,330900000.0,7419400000.0,0.0,2026-02-19 09:28:53.731713
ABB,2021,68640200000.0,5197100000.0,366600000.0,6501900000.0,0.0,2026-02-19 09:28:53.731866
ABBOTINDIA,2025,64069700000.0,14144400000.0,1966700000.0,10118400000.0,0.0,2026-02-19 09:28:54.276948
ABBOTINDIA,2024,58471900000.0,12012200000.0,832300000.0,12128100000.0,0.0,2026-02-19 09:28:54.277217
ABBOTINDIA,2023,53467300000.0,9494100000.0,1131700000.0,8933900000.0,0.0,2026-02-19 09:28:54.277393
ABBOTINDIA,2022,49103000000.0,7987000000.0,1516900000.0,9476600000.0,0.0,2026-02-19 09:28:54.277554
ABCAPITAL,2025,431489900000.0,33323200000.0,1397980100000.0,-279346300000.0,0.0,2026-02-19 09:28:55.024020
ABCAPITAL,2024,406273700000.0,33349800000.0,1101283400000.0,-241005000000.0,0.0,2026-02-19 09:28:55.024330
ABCAPITAL,2023,285782800000.0,47957700000.0,847263000000.0,-240285900000.0,0.0,2026-02-19 09:28:55.024496
ABCAPITAL,2022,256184300000.0,17059700000.0,584144700000.0,-50695100000.0,0.0,2026-02-19 09:28:55.024653
ABCAPITAL,2021,0.0,0.0,0.0,0.0,0.0,2026-02-19 09:28:55.024810
ABCOTS,2025,2961467000.0,102125000.0,1657855000.0,-164718000.0,0.0,2026-02-19 09:28:55.593835
ABCOTS,2024,2520353000.0,66984000.0,1216675000.0,-321838000.0,0.0,2026-02-19 09:28:55.594084
ABCOTS,2023,1681125000.0,19330000.0,980932000.0,-237025000.0,0.0,2026-02-19 09:28:55.594277
ABCOTS,2022,1398636000.0,68332000.0,310093593.0,135712000.0,0.0,2026-02-19 09:28:55.594438
ABDL,2025,33438748000.0,1948640000.0,9052468000.0,-6784221000.0,0.0,2026-02-19 09:28:56.193909
ABDL,2024,31776414000.0,18289000.0,8347434000.0,1856895000.0,0.0,2026-02-19 09:28:56.194168
ABDL,2023,29957895000.0,16001000.0,7926488000.0,2298623000.0,0.0,2026-02-19 09:28:56.194365
ABDL,2022,25589090000.0,14760000.0,8628060000.0,1787600000.0,0.0,2026-02-19 09:28:56.194531
ABDL,2021,0.0,0.0,0.0,0.0,0.0,2026-02-19 09:28:56.194694
ABFRL,2025,73089100000.0,-3758200000.0,50162400000.0,16438300000.0,0.0,2026-02-19 09:28:56.866168
ABFRL,2024,63853200000.0,-6280200000.0,94502900000.0,13414000000.0,0.0,2026-02-19 09:28:56.866455
ABFRL,2023,123628700000.0,-360000000.0,65723500000.0,6362000000.0,0.0,2026-02-19 09:28:56.866629
ABFRL,2022,80930600000.0,-1087200000.0,40999100000.0,9505100000.0,0.0,2026-02-19 09:28:56.866797
ABINFRA,2025,2081688000.0,161214000.0,858459000.0,-235921000.0,0.0,2026-02-19 09:28:57.521333
ABINFRA,2024,1838101000.0,114175000.0,411022000.0,54039000.0,0.0,2026-02-19 09:28:57.521595
ABINFRA,2023,1230885000.0,75377000.0,323096000.0,153323000.0,0.0,2026-02-19 09:28:57.521759
ABINFRA,2022,643157000.0,8644000.0,301153000.0,8102000.0,0.0,2026-02-19 09:28:57.521918
ABREL,2025,12033700000.0,-1612800000.0,49965400000.0,-12934400000.0,0.0,2026-02-19 09:28:58.845323
ABREL,2024,10903200000.0,505300000.0,25016900000.0,-3153300000.0,0.0,2026-02-19 09:28:58.845616
ABREL,2023,37919500000.0,2718800000.0,10593100000.0,2709600000.0,0.0,2026-02-19 09:28:58.845836
ABREL,2022,40700800000.0,1665300000.0,13363200000.0,-511300000.0,0.0,2026-02-19 09:28:58.846072
ABSLAMC,2025,16847800000.0,9306000000.0,680600000.0,7084800000.0,0.0,2026-02-19 09:28:59.493840
ABSLAMC,2024,13531900000.0,7803600000.0,790900000.0,6848400000.0,0.0,2026-02-19 09:28:59.494099
ABSLAMC,2023,12266100000.0,5963800000.0,480300000.0,4373600000.0,0.0,2026-02-19 09:28:59.494297
ABSLAMC,2022,12929616000.0,6727718000.0,543680000.0,5631802000.0,0.0,2026-02-19 09:28:59.494461
ACC,2025,206721500000.0,24021200000.0,4297700000.0,17114800000.0,0.0,2026-02-19 09:29:00.025147
ACC,2024,195735800000.0,23349200000.0,3548500000.0,29951100000.0,0.0,2026-02-19 09:29:00.025446
ACC,2022,174192700000.0,6494400000.0,1318100000.0,-16721100000.0,0.0,2026-02-19 09:29:00.025625
ACC,2021,158144000000.0,18629900000.0,1255800000.0,28354900000.0,0.0,2026-02-19 09:29:00.025796
ACCELYA,2025,5284914000.0,1290159000.0,620263000.0,1445631000.0,0.0,2026-02-19 09:29:00.626512
ACCELYA,2024,5107945000.0,938480000.0,334510000.0,1561439000.0,0.0,2026-02-19 09:29:00.626776
ACCELYA,2023,4693627000.0,1267236000.0,146353000.0,1334671000.0,0.0,2026-02-19 09:29:00.626944
ACCELYA,2022,3683981000.0,761877000.0,249643000.0,1182450000.0,0.0,2026-02-19 09:29:00.627105
ACCELYA,2021,0.0,0.0,0.0,0.0,0.0,2026-02-19 09:29:00.627301
ACCURACY,2025,9460630000.0,46520000.0,1355670000.0,5600000.0,0.0,2026-02-19 09:29:01.242526
ACCURACY,2024,7083270000.0,4970000.0,1148820000.0,279200000.0,0.0,2026-02-19 09:29:01.242782
ACCURACY,2023,8773400000.0,82190000.0,1089710000.0,461240000.0,0.0,2026-02-19 09:29:01.242952
ACCURACY,2022,8244510000.0,181000000.0,1231080000.0,-192190000.0,0.0,2026-02-19 09:29:01.243112
ACCURACY,2021,0.0,0.0,0.0,0.0,0.0,2026-02-19 09:29:01.243301
ACE,2025,33245835000.0,4092186000.0,164367000.0,4119842000.0,0.0,2026-02-19 09:29:01.898642
ACE,2024,29096801000.0,3281611000.0,44625000.0,4334202000.0,0.0,2026-02-19 09:29:01.898901
ACE,2023,21574097000.0,1715994000.0,74482000.0,2742778000.0,0.0,2026-02-19 09:29:01.899071
ACE,2022,16295800000.0,1050200000.0,93823000.0,1035200000.0,0.0,2026-02-19 09:29:01.899263
ACEINTEG,2025,85500000.0,-15600000.0,1400000.0,-1500000.0,0.0,2026-02-19 09:29:02.509233
ACEINTEG,2024,91400000.0,4100000.0,2000000.0,3700000.0,0.0,2026-02-19 09:29:02.509496
ACEINTEG,2023,69100000.0,4700000.0,2500000.0,7700000.0,0.0,2026-02-19 09:29:02.509664
ACEINTEG,2022,87400000.0,9900000.0,20300000.0,3800000.0,0.0,2026-02-19 09:29:02.509839
ACEINTEG,2021,0.0,0.0,0.0,0.0,0.0,2026-02-19 09:29:02.510010
ACI,2025,10394407000.0,1621487000.0,2345752000.0,1762337000.0,0.0,2026-02-19 09:29:03.058750
ACI,2024,13039527000.0,3189775000.0,978225000.0,3793519000.0,0.0,2026-02-19 09:29:03.059004
ACI,2023,14395738000.0,3825592000.0,693853000.0,4960888000.0,0.0,2026-02-19 09:29:03.059170
ACI,2022,11295843000.0,1882092000.0,9004733000.0,3145192000.0,0.0,2026-02-19 09:29:03.059357
ACI,2021,0.0,0.0,0.0,0.0,0.0,2026-02-19 09:29:03.059514
ACL,2025,2728700000.0,-1521100000.0,7571700000.0,595500000.0,0.0,2026-02-19 09:29:03.763445
ACL,2024,2655800000.0,-656100000.0,6753600000.0,-267200000.0,0.0,2026-02-19 09:29:03.763747
ACL,2023,0.0,9496200000.0,5249100000.0,-10100000.0,0.0,2026-02-19 09:29:03.764018
ACL,2022,0.0,-2362998000.0,9703151000.0,1509119000.0,0.0,2026-02-19 09:29:03.764348
ACMESOLAR,2025,14051310000.0,2521080000.0,109757290000.0,15430190000.0,0.0,2026-02-19 09:29:04.389037
ACMESOLAR,2024,13188540000.0,6977980000.0,85363480000.0,14341670000.0,0.0,2026-02-19 09:29:04.389326
ACMESOLAR,2023,12943970000.0,-31410000.0,90135510000.0,12634830000.0,0.0,2026-02-19 09:29:04.389498
ACMESOLAR,2022,14874070000.0,620340000.0,79145360000.0,9549620000.0,0.0,2026-02-19 09:29:04.389662
ACUTAAS,2025,9999668000.0,1587136000.0,129387000.0,1183427000.0,0.0,2026-02-19 09:29:05.023079
ACUTAAS,2024,7130117000.0,427730000.0,2166466000.0,1251697000.0,0.0,2026-02-19 09:29:05.023370
ACUTAAS,2023,6130573000.0,832897000.0,36003000.0,655300000.0,0.0,2026-02-19 09:29:05.023539
ACUTAAS,2022,5201350000.0,719461000.0,8441000.0,-119347000.0,0.0,2026-02-19 09:29:05.023706
ACUTAAS,2021,0.0,0.0,0.0,0.0,0.0,2026-02-19 09:29:05.023869
ADANIENSOL,2025,235461500000.0,10599700000.0,402752800000.0,86952200000.0,0.0,2026-02-19 09:29:05.646021
ADANIENSOL,2024,163550100000.0,11372800000.0,370696500000.0,60376200000.0,0.0,2026-02-19 09:29:05.646307
ADANIENSOL,2023,130650700000.0,12563300000.0,342700300000.0,37769900000.0,0.0,2026-02-19 09:29:05.646476
ADANIENSOL,2022,109602100000.0,12046100000.0,299452700000.0,40966100000.0,0.0,2026-02-19 09:29:05.646656
ADANIENSOL,2021,0.0,0.0,0.0,0.0,0.0,2026-02-19 09:29:05.646819
ADANIENT,2025,977110800000.0,70990000000.0,918191700000.0,45131000000.0,0.0,2026-02-19 09:29:06.310730
ADANIENT,2024,963161500000.0,32407800000.0,653101500000.0,103121900000.0,0.0,2026-02-19 09:29:06.310983
ADANIENT,2023,1273896500000.0,24639800000.0,530126000000.0,176264600000.0,0.0,2026-02-19 09:29:06.311153
ADANIENT,2022,693043600000.0,7765600000.0,416040300000.0,13852800000.0,0.0,2026-02-19 09:29:06.311345
ADANIGREEN,2025,112120000000.0,14440000000.0,800400000000.0,83640000000.0,0.0,2026-02-19 09:29:07.033072
ADANIGREEN,2024,92200000000.0,11000000000.0,648580000000.0,77130000000.0,0.0,2026-02-19 09:29:07.033385
ADANIGREEN,2023,77750000000.0,9740000000.0,542240000000.0,72650000000.0,0.0,2026-02-19 09:29:07.033555
ADANIGREEN,2022,51330000000.0,4890000000.0,528320000000.0,31270000000.0,0.0,2026-02-19 09:29:07.033721
ADANIGREEN,2021,0.0,0.0,0.0,0.0,0.0,2026-02-19 09:29:07.033881
ADANIPORTS,2025,304753300000.0,110923100000.0,513048200000.0,172262800000.0,0.0,2026-02-19 09:29:07.781028
ADANIPORTS,2024,267105600000.0,81106400000.0,491666600000.0,150175800000.0,0.0,2026-02-19 09:29:07.781304
ADANIPORTS,2023,208519100000.0,53088500000.0,524428400000.0,118995000000.0,0.0,2026-02-19 09:29:07.781469
ADANIPORTS,2022,169790800000.0,48860300000.0,473536300000.0,104201400000.0,0.0,2026-02-19 09:29:07.781635
ADANIPORTS,2021,0.0,0.0,0.0,0.0,0.0,2026-02-19 09:29:07.781809
ADANIPOWER,2025,561318200000.0,129387700000.0,393562900000.0,215011100000.0,0.0,2026-02-19 09:29:08.592662
ADANIPOWER,2024,500510700000.0,208287900000.0,344310700000.0,141701500000.0,0.0,2026-02-19 09:29:08.592913
ADANIPOWER,2023,380230300000.0,107266400000.0,421805800000.0,84305300000.0,0.0,2026-02-19 09:29:08.593077
ADANIPOWER,2022,276549000000.0,49115800000.0,487440000000.0,102327300000.0,0.0,2026-02-19 09:29:08.593258
ADANIPOWER,2021,0.0,0.0,0.0,0.0,0.0,2026-02-19 09:29:08.593415
ADFFOODS,2025,5580117000.0,692557000.0,592336000.0,374157000.0,0.0,2026-02-19 09:29:09.153245
ADFFOODS,2024,5005802000.0,752860000.0,558602000.0,698408000.0,0.0,2026-02-19 09:29:09.153508
ADFFOODS,2023,4443016000.0,560989000.0,552461000.0,505225000.0,0.0,2026-02-19 09:29:09.153675
ADFFOODS,2022,4057961000.0,480981000.0,699203000.0,340851000.0,0.0,2026-02-19 09:29:09.153847
ADFFOODS,2021,0.0,0.0,0.0,0.0,0.0,2026-02-19 09:29:09.154007
ADL,2025,524045000.0,565000.0,224223000.0,21066000.0,0.0,2026-02-19 09:29:09.792786
ADL,2024,471066000.0,286000.0,220034000.0,-6156000.0,0.0,2026-02-19 09:29:09.793046
ADL,2023,504415000.0,7301000.0,154845000.0,49164000.0,0.0,2026-02-19 09:29:09.793239
ADL,2022,419570000.0,2458000.0,167559000.0,16158000.0,0.0,2026-02-19 09:29:09.793412
ADOR,2025,11178700000.0,600500000.0,24100000.0,1371100000.0,0.0,2026-02-19 09:29:10.496678
ADOR,2024,10678500000.0,864600000.0,446900000.0,582900000.0,0.0,2026-02-19 09:29:10.496931
ADOR,2023,7711500000.0,592900000.0,172800000.0,136700000.0,0.0,2026-02-19 09:29:10.497094
ADOR,2022,6570000000.0,450200000.0,22100000.0,263900000.0,0.0,2026-02-19 09:29:10.497277
ADROITINFO,2025,317122000.0,6883000.0,162217000.0,-134150000.0,0.0,2026-02-19 09:29:11.181666
ADROITINFO,2024,248560000.0,29956000.0,34500000.0,5515000.0,0.0,2026-02-19 09:29:11.181926
ADROITINFO,2023,224473000.0,37833000.0,34563000.0,59266000.0,0.0,2026-02-19 09:29:11.182088
ADROITINFO,2022,63710000.0,6187000.0,65948000.0,6581000.0,0.0,2026-02-19 09:29:11.182271
ADROITINFO,2021,0.0,0.0,0.0,0.0,0.0,2026-02-19 09:29:11.182429
ADSL,2025,8070700000.0,278100000.0,949000000.0,922700000.0,0.0,2026-02-19 09:29:11.787478
ADSL,2024,6867400000.0,414300000.0,748000000.0,676000000.0,0.0,2026-02-19 09:29:11.787770
ADSL,2023,6600700000.0,69200000.0,549700000.0,486200000.0,0.0,2026-02-19 09:29:11.788015
ADSL,2022,4846700000.0,610300000.0,461900000.0,146300000.0,0.0,2026-02-19 09:29:11.788334
ADSL,2021,0.0,0.0,0.0,0.0,0.0,2026-02-19 09:29:11.788654
ADVAIT,2025,3990658000.0,309522000.0,719477000.0,464738000.0,0.0,2026-02-19 09:29:12.421391
ADVAIT,2024,2071928000.0,218781000.0,591685000.0,-93680000.0,0.0,2026-02-19 09:29:12.421646
ADVAIT,2023,1021598000.0,84396000.0,151830000.0,127547000.0,0.0,2026-02-19 09:29:12.421821
ADVAIT,2022,786582000.0,53192000.0,87264000.0,115987000.0,0.0,2026-02-19 09:29:12.421980
ADVANCE,2025,5019190000.0,256380000.0,804520000.0,57130000.0,0.0,2026-02-19 09:29:13.134713
ADVANCE,2024,4553370000.0,247320000.0,454550000.0,148410000.0,0.0,2026-02-19 09:29:13.134964
ADVANCE,2023,3970620000.0,148680000.0,252890000.0,62320000.0,0.0,2026-02-19 09:29:13.135129
ADVANCE,2022,2507460000.0,89890000.0,212050000.0,-1350000.0,0.0,2026-02-19 09:29:13.135315
ADVANIHOTR,2025,980912000.0,264355000.0,6500000.0,211988000.0,0.0,2026-02-19 09:29:13.698286
ADVANIHOTR,2024,968412000.0,249575000.0,19757000.0,292283000.0,0.0,2026-02-19 09:29:13.698546
ADVANIHOTR,2023,917230000.0,286048000.0,20906000.0,259543000.0,0.0,2026-02-19 09:29:13.698714
ADVANIHOTR,2022,486745000.0,65081000.0,8998000.0,130482000.0,0.0,2026-02-19 09:29:13.698876
ADVANIHOTR,2021,0.0,0.0,0.0,0.0,0.0,2026-02-19 09:29:13.699040
ADVENTHTL,2025,0.0,-98000.0,5610000.0,20195584000.0,0.0,2026-02-19 09:29:14.289923
ADVENTHTL,2024,0.0,-54000.0,1301000.0,-59000.0,0.0,2026-02-19 09:29:14.290174
ADVENZYMES,2025,6365070000.0,1311150000.0,393500000.0,1424970000.0,0.0,2026-02-19 09:29:14.935914
ADVENZYMES,2024,6234770000.0,1333050000.0,473080000.0,1413690000.0,0.0,2026-02-19 09:29:14.936237
ADVENZYMES,2023,5403820000.0,1056390000.0,334990000.0,1403620000.0,0.0,2026-02-19 09:29:14.936493
ADVENZYMES,2022,5289040000.0,1195820000.0,347300000.0,1222910000.0,0.0,2026-02-19 09:29:14.936757
AEGISLOG,2025,65691109000.0,6633779000.0,46060387000.0,5581942000.0,0.0,2026-02-19 09:29:15.842910
AEGISLOG,2024,70393191000.0,5691992000.0,26654346000.0,6555328000.0,0.0,2026-02-19 09:29:15.843162
AEGISLOG,2023,86221515000.0,4629540000.0,19238966000.0,3584092000.0,0.0,2026-02-19 09:29:15.843352
AEGISLOG,2022,46243545000.0,3575229000.0,8353044000.0,2800545000.0,0.0,2026-02-19 09:29:15.843514
AEGISVOPAK,2024,5617610000.0,865440000.0,32729460000.0,3372080000.0,0.0,2026-02-19 09:29:16.368738
AEGISVOPAK,2023,3533320000.0,-750000.0,23738470000.0,1724860000.0,0.0,2026-02-19 09:29:16.368994
AEGISVOPAK,2022,0.0,-10920000.0,981580000.0,5010000.0,0.0,2026-02-19 09:29:16.369163
AEQUS,2025,8979630000.0,-1023460000.0,7850470000.0,261410000.0,0.0,2026-02-19 09:29:16.973258
AEQUS,2024,9411920000.0,-108380000.0,6989310000.0,-191080000.0,0.0,2026-02-19 09:29:16.973527
AEQUS,2023,7914720000.0,-988260000.0,7359250000.0,98110000.0,0.0,2026-02-19 09:29:16.973703
AEROENTER,2025,5785377000.0,531200000.0,310665000.0,1396495000.0,0.0,2026-02-19 09:29:17.568965
AEROENTER,2024,5006228000.0,2579161000.0,630626000.0,-2457074000.0,0.0,2026-02-19 09:29:17.569247
AEROENTER,2023,4648117000.0,428016000.0,1048942000.0,-68415000.0,0.0,2026-02-19 09:29:17.569428
AEROENTER,2022,3376238000.0,355438000.0,905999000.0,172897000.0,0.0,2026-02-19 09:29:17.569595
AEROENTER,2021,0.0,0.0,0.0,0.0,0.0,2026-02-19 09:29:17.569756
AEROFLEX,2025,3665869000.0,525076000.0,5835000.0,265839000.0,0.0,2026-02-19 09:29:18.213789
AEROFLEX,2024,3115912000.0,417340000.0,1211000.0,440923000.0,0.0,2026-02-19 09:29:18.214049
AEROFLEX,2023,2627197000.0,301521000.0,450060000.0,72176000.0,0.0,2026-02-19 09:29:18.214249
AEROFLEX,2022,2329870000.0,275060000.0,391270000.0,320630000.0,0.0,2026-02-19 09:29:18.214413
AEROFLEX,2021,0.0,0.0,0.0,0.0,0.0,2026-02-19 09:29:18.214571
AERONEU,2025,1292353000.0,2022000.0,282973000.0,75578000.0,0.0,2026-02-19 09:29:18.877154
AERONEU,2024,1091886000.0,7969000.0,305919000.0,1910000.0,0.0,2026-02-19 09:29:18.877428
AERONEU,2023,953992000.0,34152000.0,250479000.0,-169839000.0,0.0,2026-02-19 09:29:18.877592
AERONEU,2022,805114000.0,42033000.0,304381000.0,-7922000.0,0.0,2026-02-19 09:29:18.877758
AERONEU,2021,0.0,0.0,0.0,0.0,0.0,2026-02-19 09:29:18.877912
AETHER,2025,8386900000.0,1584180000.0,1998700000.0,1000910000.0,0.0,2026-02-19 09:29:19.472434
AETHER,2024,5981730000.0,824900000.0,1830820000.0,-164580000.0,0.0,2026-02-19 09:29:19.472678
AETHER,2023,6510740000.0,1304150000.0,157150000.0,-65590000.0,0.0,2026-02-19 09:29:19.472891
AETHER,2022,5900480000.0,1089290000.0,2907510000.0,-54420000.0,0.0,2026-02-19 09:29:19.473072
AETHER,2021,0.0,0.0,0.0,0.0,0.0,2026-02-19 09:29:19.473286
AFCONS,2025,125037600000.0,4868100000.0,23433000000.0,-1322000000.0,0.0,2026-02-19 09:29:20.188541
AFCONS,2024,131943700000.0,4497600000.0,25232400000.0,7074500000.0,0.0,2026-02-19 09:29:20.188810
AFCONS,2023,125393150000.0,4108700000.0,16122450000.0,12154820000.0,0.0,2026-02-19 09:29:20.188988
AFCONS,2022,109434630000.0,3563550000.0,16232390000.0,6104530000.0,0.0,2026-02-19 09:29:20.189155
AFFLE,2025,22654990000.0,3818690000.0,820950000.0,4259910000.0,0.0,2026-02-19 09:29:20.740187
AFFLE,2024,18420780000.0,2972690000.0,1826300000.0,2622760000.0,0.0,2026-02-19 09:29:20.740467
AFFLE,2023,14334440000.0,2445890000.0,1056260000.0,2603030000.0,0.0,2026-02-19 09:29:20.740636
AFFLE,2022,10816560000.0,2138780000.0,1486400000.0,2059830000.0,0.0,2026-02-19 09:29:20.740803
AFFORDABLE,2025,1621692000.0,-116488000.0,608435000.0,-57778000.0,0.0,2026-02-19 09:29:21.296763
AFFORDABLE,2024,1627336000.0,64275000.0,514215000.0,-53372000.0,0.0,2026-02-19 09:29:21.297024
AFFORDABLE,2023,1136250000.0,21613000.0,434739000.0,-160000.0,0.0,2026-02-19 09:29:21.297190
AFFORDABLE,2022,807161000.0,23692000.0,308062000.0,16244000.0,0.0,2026-02-19 09:29:21.297380
AFFORDABLE,2021,0.0,0.0,0.0,0.0,0.0,2026-02-19 09:29:21.297551
AFIL,2025,979082000.0,332319000.0,2817735000.0,-1771049000.0,0.0,2026-02-19 09:29:21.939107
AFIL,2024,711444000.0,185292000.0,1947825000.0,-454977000.0,0.0,2026-02-19 09:29:21.939396
AFIL,2023,649138000.0,145186000.0,1577800000.0,234574000.0,0.0,2026-02-19 09:29:21.939565
AFIL,2022,668375000.0,41207000.0,2100603000.0,631024000.0,0.0,2026-02-19 09:29:21.939731
AFIL,2021,0.0,0.0,0.0,0.0,0.0,2026-02-19 09:29:21.939901
AGARIND,2025,23989270000.0,1156865000.0,4349399000.0,998397000.0,0.0,2026-02-19 09:29:23.160046
AGARIND,2024,21252993000.0,1092197000.0,3608206000.0,1122816000.0,0.0,2026-02-19 09:29:23.160324
AGARIND,2023,20150143000.0,922579000.0,1579953000.0,1566670000.0,0.0,2026-02-19 09:29:23.160494
AGARIND,2022,15982437000.0,636889000.0,1710250000.0,646822000.0,0.0,2026-02-19 09:29:23.160654
AGARIND,2021,0.0,0.0,0.0,0.0,0.0,2026-02-19 09:29:23.160816
AGARWALEYE,2025,17046100000.0,834600000.0,9609100000.0,3603300000.0,0.0,2026-02-19 09:29:23.756437
AGARWALEYE,2024,13276700000.0,830600000.0,9664400000.0,3460000000.0,0.0,2026-02-19 09:29:23.756694
AGARWALEYE,2023,10164820000.0,940970000.0,8573460000.0,2331060000.0,0.0,2026-02-19 09:29:23.756860
AGARWALEYE,2022,6952650000.0,376940000.0,6185620000.0,1643280000.0,0.0,2026-02-19 09:29:23.757023
AGI,2025,25288220000.0,3224106000.0,5527625000.0,4285506000.0,0.0,2026-02-19 09:29:24.533848
AGI,2024,24000656000.0,2513280000.0,6205175000.0,5883864000.0,0.0,2026-02-19 09:29:24.534110
AGI,2023,22564799000.0,2616358000.0,7373793000.0,5225221000.0,0.0,2026-02-19 09:29:24.534308
AGI,2022,14120690000.0,1932984000.0,11706706000.0,1807606000.0,0.0,2026-02-19 09:29:24.534489
AGI,2021,0.0,0.0,0.0,0.0,0.0,2026-02-19 09:29:24.534653
AGIIL,2025,3248732000.0,666642000.0,1374166000.0,-199145000.0,0.0,2026-02-19 09:29:25.207911
AGIIL,2024,2923270000.0,520949000.0,1376812000.0,614599000.0,0.0,2026-02-19 09:29:25.208185
AGIIL,2023,2411065000.0,481140000.0,489663000.0,1063834000.0,0.0,2026-02-19 09:29:25.208376
AGIIL,2022,1974548000.0,364208000.0,418982000.0,1063834000.0,0.0,2026-02-19 09:29:25.208536
AGIIL,2021,0.0,0.0,0.0,0.0,0.0,2026-02-19 09:29:25.208689
AGROPHOS,2024,655445000.0,-76778000.0,287155000.0,28157000.0,0.0,2026-02-19 09:29:25.856604
AGROPHOS,2023,718212000.0,50036000.0,270481000.0,-64845000.0,0.0,2026-02-19 09:29:25.856862
AGROPHOS,2022,609906000.0,58311000.0,127636000.0,138883000.0,0.0,2026-02-19 09:29:25.857033
AGROPHOS,2021,412400000.0,31800000.0,139500000.0,90200000.0,0.0,2026-02-19 09:29:25.857217
AHCL,2025,1202866000.0,205179000.0,665544000.0,-225517000.0,0.0,2026-02-19 09:29:26.391016
AHCL,2024,665837000.0,96571000.0,812484000.0,-32260000.0,0.0,2026-02-19 09:29:26.391295
AHCL,2023,1128774000.0,58200000.0,703236000.0,-28497000.0,0.0,2026-02-19 09:29:26.391461
AHCL,2022,571427000.0,-1077000.0,623837000.0,-17540000.0,0.0,2026-02-19 09:29:26.391624
AHLADA,2025,1319951000.0,37056000.0,357578000.0,135926000.0,0.0,2026-02-19 09:29:27.024334
AHLADA,2024,2595169000.0,136487000.0,429248000.0,-2018000.0,0.0,2026-02-19 09:29:27.024669
AHLADA,2023,1630271000.0,50941000.0,323485000.0,81631000.0,0.0,2026-02-19 09:29:27.024970
AHLADA,2022,1312625000.0,51826000.0,310597000.0,366817000.0,0.0,2026-02-19 09:29:27.025325
AHLADA,2021,0.0,0.0,0.0,0.0,0.0,2026-02-19 09:29:27.025628
AHLEAST,2025,1119384000.0,175203000.0,3295971000.0,3916000.0,0.0,2026-02-19 09:29:27.633960
AHLEAST,2024,1078082000.0,317072000.0,3335830000.0,-3851845000.0,0.0,2026-02-19 09:29:27.634303
AHLEAST,2023,924762000.0,245273000.0,0.0,87527000.0,0.0,2026-02-19 09:29:27.634634
AHLEAST,2022,509391000.0,-344986000.0,1406514000.0,26080000.0,0.0,2026-02-19 09:29:27.634951
AHLEAST,2021,0.0,0.0,0.0,0.0,0.0,2026-02-19 09:29:27.635259
AHLUCONT,2025,40986231000.0,2020813000.0,761318000.0,3594264000.0,0.0,2026-02-19 09:29:28.198748
AHLUCONT,2024,38552977000.0,3748260000.0,1050243000.0,2574540000.0,0.0,2026-02-19 09:29:28.199008
AHLUCONT,2023,28050878000.0,1939768000.0,577976000.0,3013093000.0,0.0,2026-02-19 09:29:28.199179
AHLUCONT,2022,26711006000.0,1552166000.0,539277000.0,657488000.0,0.0,2026-02-19 09:29:28.199367
AHLUCONT,2021,0.0,0.0,0.0,0.0,0.0,2026-02-19 09:29:28.199530
AIAENG,2025,42376384000.0,10607360000.0,4905682000.0,11623070000.0,0.0,2026-02-19 09:29:28.750573
AIAENG,2024,47834889000.0,11355733000.0,4610602000.0,9027157000.0,0.0,2026-02-19 09:29:28.750841
AIAENG,2023,48517916000.0,10559289000.0,5025514000.0,8677196000.0,0.0,2026-02-19 09:29:28.751013
AIAENG,2022,35231634000.0,6196809000.0,98313000.0,-395463000.0,0.0,2026-02-19 09:29:28.751180
AIIL,2025,28448800000.0,42414100000.0,10542000000.0,3257200000.0,0.0,2026-02-19 09:29:29.425823
AIIL,2024,22393900000.0,42848300000.0,11283400000.0,32905800000.0,0.0,2026-02-19 09:29:29.426080
AIIL,2023,4312400000.0,43040300000.0,15019200000.0,2446800000.0,0.0,2026-02-19 09:29:29.426274
AIIL,2022,8928665000.0,6687378000.0,6692707000.0,2615962000.0,0.0,2026-02-19 09:29:29.426443
AIIL,2021,0.0,0.0,0.0,0.0,0.0,2026-02-19 09:29:29.426603
AIRAN,2025,1064984000.0,184755000.0,22793000.0,212180000.0,0.0,2026-02-19 09:29:30.024681
AIRAN,2024,1054966000.0,125466000.0,7570000.0,39145000.0,0.0,2026-02-19 09:29:30.024956
AIRAN,2023,973853000.0,103586000.0,48468000.0,218135000.0,0.0,2026-02-19 09:29:30.025129
AIRAN,2022,872822000.0,96147000.0,54869000.0,109899000.0,0.0,2026-02-19 09:29:30.025327
AIROLAM,2025,2135181000.0,27032000.0,902843000.0,138824000.0,0.0,2026-02-19 09:29:30.800311
AIROLAM,2024,2059245000.0,78427000.0,794251000.0,-5576000.0,0.0,2026-02-19 09:29:30.800576
AIROLAM,2023,1994603000.0,73954000.0,632037000.0,-53203000.0,0.0,2026-02-19 09:29:30.800743
AIROLAM,2022,1688969418.0,64871536.0,505691419.0,-61990183.0,0.0,2026-02-19 09:29:30.800905
AIROLAM,2021,0.0,0.0,0.0,0.0,0.0,2026-02-19 09:29:30.801060
AJANTPHARM,2025,45875100000.0,9203900000.0,474200000.0,11572300000.0,0.0,2026-02-19 09:29:31.464260
AJANTPHARM,2024,41615900000.0,8161700000.0,352800000.0,7850700000.0,0.0,2026-02-19 09:29:31.464520
AJANTPHARM,2023,37075200000.0,5879800000.0,356300000.0,7921100000.0,0.0,2026-02-19 09:29:31.464686
AJANTPHARM,2022,32841300000.0,7126800000.0,250300000.0,5617100000.0,0.0,2026-02-19 09:29:31.464843
AJANTPHARM,2021,0.0,0.0,0.0,0.0,0.0,2026-02-19 09:29:31.464997
AJAXENGG,2025,20717980000.0,2600960000.0,17680000.0,427200000.0,0.0,2026-02-19 09:29:32.036226
AJAXENGG,2024,17395790000.0,2251490000.0,82300000.0,2074730000.0,0.0,2026-02-19 09:29:32.036522
AJAXENGG,2023,11497680000.0,1359040000.0,115720000.0,1847020000.0,0.0,2026-02-19 09:29:32.036701
AJAXENGG,2022,7619640000.0,662080000.0,71610000.0,847240000.0,0.0,2026-02-19 09:29:32.036870
AJMERA,2025,7379549000.0,1259420000.0,6771052000.0,75474000.0,0.0,2026-02-19 09:29:32.588064
AJMERA,2024,6999623000.0,1028470000.0,8084059000.0,2197404000.0,0.0,2026-02-19 09:29:32.588344
AJMERA,2023,4311045000.0,714997000.0,8441084000.0,1352705000.0,0.0,2026-02-19 09:29:32.588511
AJMERA,2022,4826834000.0,453857000.0,9947514000.0,-636115000.0,0.0,2026-02-19 09:29:32.588672
AJOONI,2025,1146919000.0,33720000.0,19397000.0,-177366000.0,0.0,2026-02-19 09:29:33.282052
AJOONI,2024,801146000.0,21612000.0,21677000.0,229101000.0,0.0,2026-02-19 09:29:33.282328
AJOONI,2023,744877000.0,11247000.0,51769000.0,-55790000.0,0.0,2026-02-19 09:29:33.282494
AJOONI,2022,740378000.0,10488000.0,53505000.0,36837000.0,0.0,2026-02-19 09:29:33.282669
AKASH,2025,576311000.0,8909000.0,862295000.0,95478000.0,0.0,2026-02-19 09:29:33.833518
AKASH,2024,595231000.0,2255000.0,907875000.0,-226809000.0,0.0,2026-02-19 09:29:33.833769
AKASH,2023,617802000.0,13795000.0,605644000.0,-334832000.0,0.0,2026-02-19 09:29:33.833936
AKASH,2022,721227000.0,23235000.0,227149000.0,-12635000.0,0.0,2026-02-19 09:29:33.834095
AKASH,2021,0.0,0.0,0.0,0.0,0.0,2026-02-19 09:29:33.834279
AKG,2025,1326906000.0,8582000.0,113333000.0,12085000.0,0.0,2026-02-19 09:29:34.487058
AKG,2024,1835928000.0,16059000.0,141685000.0,-30350000.0,0.0,2026-02-19 09:29:34.487379
AKG,2023,2211451000.0,25711000.0,123766000.0,-182505000.0,0.0,2026-02-19 09:29:34.487546
AKG,2022,1863403000.0,19390000.0,126979000.0,-1529000.0,0.0,2026-02-19 09:29:34.487701
AKI,2025,780271000.0,16778000.0,224215000.0,-26706000.0,0.0,2026-02-19 09:29:35.089269
AKI,2024,695485000.0,13671000.0,218393000.0,-176239000.0,0.0,2026-02-19 09:29:35.089532
AKI,2023,702623000.0,11555000.0,295061000.0,-10477000.0,0.0,2026-02-19 09:29:35.089701
AKI,2022,609394000.0,16463000.0,269327000.0,7618000.0,0.0,2026-02-19 09:29:35.089877
AKSHAR,2025,1167691000.0,-44481000.0,59412000.0,-295716000.0,0.0,2026-02-19 09:29:35.689175
AKSHAR,2024,1749551000.0,34551000.0,189799000.0,47713000.0,0.0,2026-02-19 09:29:35.689451
AKSHAR,2023,1365554000.0,-27643000.0,176743000.0,98363000.0,0.0,2026-02-19 09:29:35.689619
AKSHAR,2022,1725194000.0,70236000.0,256461000.0,29234000.0,0.0,2026-02-19 09:29:35.689781
AKSHAR,2021,0.0,0.0,0.0,0.0,0.0,2026-02-19 09:29:35.689968
AKSHARCHEM,2025,3462652000.0,47704000.0,667667000.0,348225000.0,0.0,2026-02-19 09:29:36.423285
AKSHARCHEM,2024,3020470000.0,-186773000.0,518214000.0,-65549000.0,0.0,2026-02-19 09:29:36.423543
AKSHARCHEM,2023,3246087000.0,-9421000.0,246254000.0,379208000.0,0.0,2026-02-19 09:29:36.423709
AKSHARCHEM,2022,3682191000.0,159148000.0,502732000.0,43057000.0,0.0,2026-02-19 09:29:36.423872
AKSHARCHEM,2021,0.0,0.0,0.0,0.0,0.0,2026-02-19 09:29:36.424030
AKSHOPTFBR,2025,1301819000.0,-259666000.0,990442000.0,-191538000.0,0.0,2026-02-19 09:29:36.969915
AKSHOPTFBR,2024,2182824000.0,-713052000.0,1023828000.0,460287000.0,0.0,2026-02-19 09:29:36.970174
AKSHOPTFBR,2023,2838835000.0,-135768000.0,1834926000.0,463260000.0,0.0,2026-02-19 09:29:36.970367
AKSHOPTFBR,2022,3105292000.0,-4153000.0,2098712000.0,569329000.0,0.0,2026-02-19 09:29:36.970527
AKUMS,2025,40710930000.0,3381760000.0,882120000.0,4651960000.0,0.0,2026-02-19 09:29:37.557940
AKUMS,2024,40196820000.0,-40350000.0,5652250000.0,4982590000.0,0.0,2026-02-19 09:29:37.558238
AKUMS,2023,34747640000.0,948550000.0,6190940000.0,1766310000.0,0.0,2026-02-19 09:29:37.558429
AKUMS,2022,36468340000.0,-2525360000.0,3949830000.0,318540000.0,0.0,2026-02-19 09:29:37.558596
AKUMS,2021,0.0,0.0,0.0,0.0,0.0,2026-02-19 09:29:37.558755
AKZOINDIA,2025,40648000000.0,4295000000.0,621000000.0,3110000000.0,0.0,2026-02-19 09:29:38.192436
AKZOINDIA,2024,39367000000.0,4266000000.0,604000000.0,4855000000.0,0.0,2026-02-19 09:29:38.192716
AKZOINDIA,2023,37768000000.0,3351000000.0,697000000.0,4862000000.0,0.0,2026-02-19 09:29:38.192886
AKZOINDIA,2022,31087000000.0,2901000000.0,705000000.0,1214000000.0,0.0,2026-02-19 09:29:38.193054
ALANKIT,2025,3010058000.0,198568000.0,115216000.0,492436000.0,0.0,2026-02-19 09:29:38.832940
ALANKIT,2024,2356869000.0,215588000.0,436358000.0,95983000.0,0.0,2026-02-19 09:29:38.833225
ALANKIT,2023,3116883000.0,-337370000.0,134639000.0,-494043000.0,0.0,2026-02-19 09:29:38.833407
ALANKIT,2022,1281484000.0,23565000.0,208709000.0,15957000.0,0.0,2026-02-19 09:29:38.833574
ALANKIT,2021,0.0,0.0,0.0,0.0,0.0,2026-02-19 09:29:38.833734
ALBERTDAVD,2025,3432465000.0,172008000.0,123171000.0,-284358000.0,0.0,2026-02-19 09:29:39.447680
ALBERTDAVD,2024,3602625000.0,754201000.0,33242000.0,455022000.0,0.0,2026-02-19 09:29:39.447939
ALBERTDAVD,2023,3400087000.0,361749000.0,53178000.0,105150000.0,0.0,2026-02-19 09:29:39.448111
ALBERTDAVD,2022,3124268000.0,352583000.0,56618000.0,404105000.0,0.0,2026-02-19 09:29:39.448304
ALEMBICLTD,2025,2111813000.0,3106768000.0,144473000.0,863702000.0,0.0,2026-02-19 09:29:40.131137
ALEMBICLTD,2024,1471222000.0,2686191000.0,91490000.0,226865000.0,0.0,2026-02-19 09:29:40.131429
ALEMBICLTD,2023,1183419000.0,1906490000.0,0.0,388525000.0,0.0,2026-02-19 09:29:40.131599
ALEMBICLTD,2022,713693000.0,2220590000.0,0.0,-177469000.0,0.0,2026-02-19 09:29:40.131761
ALGOQUANT,2025,2282167000.0,318944000.0,340722000.0,603784000.0,0.0,2026-02-19 09:29:40.703925
ALGOQUANT,2024,1279205000.0,245779000.0,649200000.0,-102775000.0,0.0,2026-02-19 09:29:40.704177
ALGOQUANT,2023,146484000.0,-34188000.0,304656000.0,-372000000.0,0.0,2026-02-19 09:29:40.704371
ALGOQUANT,2022,160578000.0,34287000.0,0.0,201851000.0,0.0,2026-02-19 09:29:40.704538
ALGOQUANT,2021,0.0,0.0,0.0,0.0,0.0,2026-02-19 09:29:40.704701
ALICON,2025,16423754000.0,460608000.0,3655810000.0,2041502000.0,0.0,2026-02-19 09:29:41.397436
ALICON,2024,14964242000.0,613668000.0,3307894000.0,1577357000.0,0.0,2026-02-19 09:29:41.397701
ALICON,2023,13368575000.0,514211000.0,3008574000.0,903314000.0,0.0,2026-02-19 09:29:41.397868
ALICON,2022,10417843000.0,241806000.0,2646159000.0,771838000.0,0.0,2026-02-19 09:29:41.398030
ALIVUS,2025,23398350000.0,4856270000.0,566060000.0,3915240000.0,0.0,2026-02-19 09:29:42.048830
ALIVUS,2024,21847700000.0,4708880000.0,171480000.0,4135150000.0,0.0,2026-02-19 09:29:42.049090
ALIVUS,2023,20478400000.0,4669610000.0,193570000.0,3060060000.0,0.0,2026-02-19 09:29:42.049285
ALIVUS,2022,20874480000.0,4187240000.0,28840000.0,5975850000.0,0.0,2026-02-19 09:29:42.049451
ALIVUS,2021,0.0,0.0,0.0,0.0,0.0,2026-02-19 09:29:42.049609
ALKALI,2025,823103000.0,-57998000.0,181799000.0,54375000.0,0.0,2026-02-19 09:29:42.786220
ALKALI,2024,823046000.0,11289000.0,228421000.0,62895000.0,0.0,2026-02-19 09:29:42.786480
ALKALI,2023,863853000.0,29128000.0,238196000.0,111896000.0,0.0,2026-02-19 09:29:42.786649
ALKALI,2022,910159000.0,34808000.0,178902000.0,111945000.0,0.0,2026-02-19 09:29:42.786812
ALKALI,2021,0.0,0.0,0.0,0.0,0.0,2026-02-19 09:29:42.786971
ALKEM,2025,128046200000.0,21654800000.0,13809000000.0,19128400000.0,0.0,2026-02-19 09:29:43.536324
ALKEM,2024,124392400000.0,17957700000.0,14184100000.0,19480700000.0,0.0,2026-02-19 09:29:43.536576
ALKEM,2023,114403500000.0,9841700000.0,13966800000.0,16825000000.0,0.0,2026-02-19 09:29:43.536742
ALKEM,2022,105120300000.0,16456200000.0,26681900000.0,11110200000.0,0.0,2026-02-19 09:29:43.536902
ALKEM,2021,0.0,0.0,0.0,0.0,0.0,2026-02-19 09:29:43.537063
ALKYLAMINE,2025,15481961000.0,1861144000.0,55264000.0,2631059000.0,0.0,2026-02-19 09:29:44.173022
ALKYLAMINE,2024,14189986000.0,1488731000.0,31678000.0,2747891000.0,0.0,2026-02-19 09:29:44.173376
ALKYLAMINE,2023,16568933000.0,2286553000.0,877452000.0,2483825000.0,0.0,2026-02-19 09:29:44.173683
ALKYLAMINE,2022,15236060000.0,2248965000.0,232886000.0,2046756000.0,0.0,2026-02-19 09:29:44.173954
ALKYLAMINE,2021,0.0,0.0,0.0,0.0,0.0,2026-02-19 09:29:44.174262
ALLCARGO,2025,160074100000.0,356000000.0,20363200000.0,2610800000.0,0.0,2026-02-19 09:29:44.767161
ALLCARGO,2024,129413900000.0,1497000000.0,18461400000.0,-1457300000.0,0.0,2026-02-19 09:29:44.767453
ALLCARGO,2023,180152500000.0,6295900000.0,11795000000.0,15827600000.0,0.0,2026-02-19 09:29:44.767619
ALLCARGO,2022,190554000000.0,9257200000.0,23173100000.0,8503400000.0,0.0,2026-02-19 09:29:44.767782
ALLDIGI,2025,5463100000.0,833000000.0,632000000.0,1184600000.0,0.0,2026-02-19 09:29:45.410413
ALLDIGI,2024,4693700000.0,640000000.0,446500000.0,908300000.0,0.0,2026-02-19 09:29:45.410681
ALLDIGI,2023,3904500000.0,488600000.0,439400000.0,712800000.0,0.0,2026-02-19 09:29:45.410853
ALLDIGI,2022,3172000000.0,356400000.0,429800000.0,637300000.0,0.0,2026-02-19 09:29:45.411020
ALLDIGI,2021,0.0,0.0,0.0,0.0,0.0,2026-02-19 09:29:45.411186
ALLTIME,2025,5553250000.0,472940000.0,2229710000.0,516840000.0,0.0,2026-02-19 09:29:45.940966
ALLTIME,2024,5111090000.0,447900000.0,1470680000.0,907540000.0,0.0,2026-02-19 09:29:45.941335
ALLTIME,2023,4416080000.0,282700000.0,1794460000.0,665210000.0,0.0,2026-02-19 09:29:45.941616
ALLTIME,2022,3986320000.0,245350000.0,1722190000.0,270560000.0,0.0,2026-02-19 09:29:45.941849
ALMONDZ,2025,1479611000.0,173247000.0,531094000.0,-94222000.0,0.0,2026-02-19 09:29:46.651573
ALMONDZ,2024,1119164000.0,340685000.0,234244000.0,350634000.0,0.0,2026-02-19 09:29:46.651825
ALMONDZ,2023,749223000.0,157773000.0,205225000.0,-137304000.0,0.0,2026-02-19 09:29:46.651988
ALMONDZ,2022,651623000.0,185420000.0,243071000.0,100374000.0,0.0,2026-02-19 09:29:46.652151
ALOKINDS,2025,36275800000.0,-8164300000.0,224202300000.0,1152200000.0,0.0,2026-02-19 09:29:47.333989
ALOKINDS,2024,54214900000.0,-8468200000.0,224733900000.0,-11607300000.0,0.0,2026-02-19 09:29:47.334274
ALOKINDS,2023,69008700000.0,-8804600000.0,239224100000.0,8132700000.0,0.0,2026-02-19 09:29:47.334444
ALOKINDS,2022,71795700000.0,-2086000000.0,241021300000.0,2248400000.0,0.0,2026-02-19 09:29:47.334606
ALOKINDS,2021,0.0,0.0,0.0,0.0,0.0,2026-02-19 09:29:47.334770
ALPA,2025,1116348000.0,195031000.0,343000.0,70580000.0,0.0,2026-02-19 09:29:48.035478
ALPA,2024,1079185000.0,167765000.0,52465000.0,36487000.0,0.0,2026-02-19 09:29:48.035748
ALPA,2023,924102000.0,125828000.0,23040000.0,89044000.0,0.0,2026-02-19 09:29:48.035921
ALPA,2022,1105133000.0,140917000.0,58474000.0,99403000.0,0.0,2026-02-19 09:29:48.036087
ALPA,2021,0.0,0.0,0.0,0.0,0.0,2026-02-19 09:29:48.036295
ALPHAGEO,2025,1256751000.0,-61118000.0,0.0,-95454000.0,0.0,2026-02-19 09:29:48.666011
ALPHAGEO,2024,986683000.0,3788000.0,0.0,10738000.0,0.0,2026-02-19 09:29:48.666299
ALPHAGEO,2023,659497000.0,130025000.0,0.0,126368000.0,0.0,2026-02-19 09:29:48.666468
ALPHAGEO,2022,1548826000.0,121924000.0,0.0,794194000.0,0.0,2026-02-19 09:29:48.666631
ALPHAGEO,2021,0.0,0.0,710000.0,0.0,0.0,2026-02-19 09:29:48.666795
AMAGI,2025,11626370000.0,-687140000.0,361940000.0,335740000.0,0.0,2026-02-19 09:29:49.296297
AMAGI,2024,8791550000.0,-2450010000.0,314770000.0,-1829900000.0,0.0,2026-02-19 09:29:49.296548
AMAGI,2023,6805580000.0,-3212680000.0,241340000.0,-2452360000.0,0.0,2026-02-19 09:29:49.296714
AMANTA,2025,2720422000.0,105007000.0,1925991000.0,466200000.0,0.0,2026-02-19 09:29:49.937546
AMANTA,2024,2784438000.0,36332000.0,2000808000.0,580730000.0,0.0,2026-02-19 09:29:49.937825
AMANTA,2023,2575285000.0,-21106000.0,2139968000.0,425804000.0,0.0,2026-02-19 09:29:49.937994
AMANTA,2022,2239904000.0,538817000.0,2134253000.0,635341000.0,0.0,2026-02-19 09:29:49.938156
AMBER,2025,96737519000.0,2435580000.0,20588112000.0,7108940000.0,0.0,2026-02-19 09:29:50.545232
AMBER,2024,65307471000.0,1328805000.0,15389481000.0,9648388000.0,0.0,2026-02-19 09:29:50.545502
AMBER,2023,67461944000.0,1572036000.0,14551130000.0,3205541000.0,0.0,2026-02-19 09:29:50.545671
AMBER,2022,41059271000.0,1091919000.0,10685627000.0,2407282000.0,0.0,2026-02-19 09:29:50.545832
AMBICAAGAR,2025,1236158000.0,4886000.0,822184000.0,14180000.0,0.0,2026-02-19 09:29:51.120267
AMBICAAGAR,2024,978465000.0,-36622000.0,673212000.0,45220000.0,0.0,2026-02-19 09:29:51.120532
AMBICAAGAR,2023,1172362000.0,25281000.0,628237000.0,83006000.0,0.0,2026-02-19 09:29:51.120700
AMBICAAGAR,2022,1163347000.0,24008000.0,635789000.0,160360000.0,0.0,2026-02-19 09:29:51.120864
AMBICAAGAR,2021,0.0,0.0,0.0,0.0,0.0,2026-02-19 09:29:51.121023
AMBIKCO,2025,6840746000.0,657416000.0,507245000.0,1290504000.0,0.0,2026-02-19 09:29:51.811808
AMBIKCO,2024,8015371000.0,629736000.0,819756000.0,-1377547000.0,0.0,2026-02-19 09:29:51.812064
AMBIKCO,2023,8170832000.0,1118940000.0,0.0,-798238000.0,0.0,2026-02-19 09:29:51.812255
AMBIKCO,2022,8794929000.0,1798878000.0,0.0,3017577000.0,0.0,2026-02-19 09:29:51.812422
AMBIKCO,2021,0.0,0.0,0.0,0.0,0.0,2026-02-19 09:29:51.812585
AMDIND,2025,2736077000.0,9991000.0,825362000.0,402862000.0,0.0,2026-02-19 09:29:53.069993
AMDIND,2024,2740218000.0,-16737000.0,1042535000.0,244019000.0,0.0,2026-02-19 09:29:53.070334
AMDIND,2023,3453117000.0,192061000.0,1029895000.0,114924000.0,0.0,2026-02-19 09:29:53.070619
AMDIND,2022,2063900000.0,81979000.0,863457000.0,-160417000.0,0.0,2026-02-19 09:29:53.070888
AMDIND,2021,0.0,0.0,0.0,0.0,0.0,2026-02-19 09:29:53.071185
AMJLAND,2025,776458000.0,204669000.0,0.0,381000000.0,0.0,2026-02-19 09:29:53.681541
AMJLAND,2024,564585000.0,110960000.0,150000000.0,238296000.0,0.0,2026-02-19 09:29:53.681809
AMJLAND,2023,353420000.0,68100000.0,50000000.0,-57691000.0,0.0,2026-02-19 09:29:53.681978
AMJLAND,2022,286948000.0,88422000.0,73177000.0,97998000.0,0.0,2026-02-19 09:29:53.682140
AMJLAND,2021,0.0,0.0,0.0,0.0,0.0,2026-02-19 09:29:53.682328
AMNPLST,2025,6607275000.0,410015000.0,771995000.0,291393000.0,0.0,2026-02-19 09:29:54.305872
AMNPLST,2024,6470146000.0,398283000.0,849998000.0,468496000.0,0.0,2026-02-19 09:29:54.306132
AMNPLST,2023,5972873000.0,228721000.0,847929000.0,45288000.0,0.0,2026-02-19 09:29:54.306342
AMNPLST,2022,5631927000.0,238574000.0,720808000.0,-265600000.0,0.0,2026-02-19 09:29:54.306513
AMNPLST,2021,0.0,0.0,0.0,0.0,0.0,2026-02-19 09:29:54.306676
ANANDRATHI,2025,9390946000.0,2998253000.0,793013000.0,2440503000.0,0.0,2026-02-19 09:29:55.574239
ANANDRATHI,2024,7243224000.0,2249744000.0,516679000.0,2775722000.0,0.0,2026-02-19 09:29:55.574503
ANANDRATHI,2023,5486316000.0,1684067000.0,367159000.0,838894000.0,0.0,2026-02-19 09:29:55.574667
ANANDRATHI,2022,4174851000.0,1267263000.0,392467000.0,1451868000.0,0.0,2026-02-19 09:29:55.574827
ANANDRATHI,2021,0.0,0.0,0.0,0.0,0.0,2026-02-19 09:29:55.574983
ANANTRAJ,2025,20599742000.0,4258186000.0,4815963000.0,966102000.0,0.0,2026-02-19 09:29:56.179515
ANANTRAJ,2024,14832966000.0,2659262000.0,6267441000.0,-255189000.0,0.0,2026-02-19 09:29:56.179782
ANANTRAJ,2023,9569427000.0,1511163000.0,10794581000.0,328797000.0,0.0,2026-02-19 09:29:56.179946
ANANTRAJ,2022,4618600000.0,565200000.0,12829633000.0,4233259000.0,0.0,2026-02-19 09:29:56.180105
ANDHRAPAP,2025,15222685000.0,889107000.0,2797084000.0,-553946000.0,0.0,2026-02-19 09:29:56.962952
ANDHRAPAP,2024,17832579000.0,3397392000.0,1093360000.0,3187378000.0,0.0,2026-02-19 09:29:56.963218
ANDHRAPAP,2023,20830562000.0,5224626000.0,502512000.0,5358209000.0,0.0,2026-02-19 09:29:56.963393
ANDHRAPAP,2022,13669207000.0,1397320000.0,507234000.0,2023479000.0,0.0,2026-02-19 09:29:56.963550
ANDHRAPAP,2021,0.0,0.0,0.0,0.0,0.0,2026-02-19 09:29:56.963703
ANDHRSUGAR,2025,20143177000.0,258816000.0,133423000.0,1277983000.0,0.0,2026-02-19 09:29:57.535943
ANDHRSUGAR,2024,18909309000.0,751048000.0,309664000.0,1416937000.0,0.0,2026-02-19 09:29:57.536191
ANDHRSUGAR,2023,23563797000.0,1859581000.0,236059000.0,2858265000.0,0.0,2026-02-19 09:29:57.536381
ANDHRSUGAR,2022,19452308000.0,2422078000.0,550435000.0,1764646000.0,0.0,2026-02-19 09:29:57.536544
ANDHRSUGAR,2021,0.0,0.0,0.0,0.0,0.0,2026-02-19 09:29:57.536700
ANGELONE,2025,42476030000.0,11720810000.0,34137370000.0,-18598420000.0,0.0,2026-02-19 09:29:58.168008
ANGELONE,2024,33970390000.0,11255280000.0,25411220000.0,-3299040000.0,0.0,2026-02-19 09:29:58.168621
ANGELONE,2023,24731930000.0,8899540000.0,7878520000.0,8042000000.0,0.0,2026-02-19 09:29:58.168940
ANGELONE,2022,19979410000.0,6248050000.0,12577320000.0,5575460000.0,0.0,2026-02-19 09:29:58.169974
ANGELONE,2021,0.0,0.0,0.0,0.0,0.0,2026-02-19 09:29:58.170405
ANIKINDS,2025,1163725000.0,31003000.0,42349000.0,-623851000.0,0.0,2026-02-19 09:29:58.768672
ANIKINDS,2024,1006000000.0,3028000.0,73378000.0,439256000.0,0.0,2026-02-19 09:29:58.768963
ANIKINDS,2023,1181011000.0,50830000.0,302930000.0,336914000.0,0.0,2026-02-19 09:29:58.769130
ANIKINDS,2022,2435961000.0,100331000.0,873471000.0,574814000.0,0.0,2026-02-19 09:29:58.769329
ANMOL,2025,12741116000.0,69877000.0,2196082000.0,-1395441000.0,0.0,2026-02-19 09:29:59.432528
ANMOL,2024,15004993000.0,209003000.0,852963000.0,1910737000.0,0.0,2026-02-19 09:29:59.432781
ANMOL,2023,14097998693.4,186572148.44,2954923231.88,-439509829.6,0.0,2026-02-19 09:29:59.432949
ANMOL,2022,10585949936.27,155549101.24,1787843323.39,-634774204.54,0.0,2026-02-19 09:29:59.433107
ANMOL,2021,0.0,0.0,0.0,0.0,0.0,2026-02-19 09:29:59.433287
ANTELOPUS,2025,2580778000.0,739843000.0,40095000.0,1257464000.0,0.0,2026-02-19 09:30:00.132683
ANTELOPUS,2024,1656014000.0,327413000.0,35005000.0,716725000.0,0.0,2026-02-19 09:30:00.132968
ANTELOPUS,2023,1179434000.0,308482000.0,38397000.0,434378000.0,0.0,2026-02-19 09:30:00.133140
ANTELOPUS,2022,771857000.0,99240000.0,4305000.0,-178482000.0,0.0,2026-02-19 09:30:00.133331
ANTELOPUS,2021,0.0,0.0,0.0,0.0,0.0,2026-02-19 09:30:00.133501
ANTGRAPHIC,2024,8393000.0,-4297000.0,28366000.0,402000.0,0.0,2026-02-19 09:30:00.788018
ANTGRAPHIC,2023,6769000.0,-50000.0,30514000.0,-310000.0,0.0,2026-02-19 09:30:00.788306
ANTGRAPHIC,2022,10320000.0,151000.0,29038000.0,-2206000.0,0.0,2026-02-19 09:30:00.788481
ANTGRAPHIC,2021,10766000.0,170000.0,29643000.0,-1741000.0,0.0,2026-02-19 09:30:00.788651
ANTHEM,2025,18445530000.0,4512590000.0,1133170000.0,4183360000.0,0.0,2026-02-19 09:30:01.412597
ANTHEM,2024,14193700000.0,3673100000.0,2385170000.0,1401510000.0,0.0,2026-02-19 09:30:01.412865
ANTHEM,2023,10569240000.0,3851850000.0,1261510000.0,3059850000.0,0.0,2026-02-19 09:30:01.413031
ANTHEM,2022,12312560000.0,4055390000.0,377950000.0,3329130000.0,0.0,2026-02-19 09:30:01.413194
ANUHPHR,2025,6615149000.0,473519000.0,108864000.0,371248000.0,0.0,2026-02-19 09:30:02.053051
ANUHPHR,2024,6470043000.0,600575000.0,26928000.0,129251000.0,0.0,2026-02-19 09:30:02.053392
ANUHPHR,2023,5274860000.0,361796000.0,9067000.0,539016000.0,0.0,2026-02-19 09:30:02.053689
ANUHPHR,2022,4866462000.0,305613000.0,42235000.0,288637000.0,0.0,2026-02-19 09:30:02.053949
ANUP,2025,7288049000.0,1183027000.0,324175000.0,-71533000.0,0.0,2026-02-19 09:30:02.647933
ANUP,2024,5403707000.0,1034750000.0,202797000.0,1693843000.0,0.0,2026-02-19 09:30:02.648217
ANUP,2023,4040520000.0,514300000.0,343405000.0,300171000.0,0.0,2026-02-19 09:30:02.648394
ANUP,2022,2798871000.0,620544000.0,0.0,740425000.0,0.0,2026-02-19 09:30:02.648557
ANUP,2021,0.0,0.0,0.0,0.0,0.0,2026-02-19 09:30:02.648716
ANURAS,2025,14023260000.0,933490000.0,13824220000.0,-301250000.0,0.0,2026-02-19 09:30:03.276450
ANURAS,2024,14425840000.0,1286040000.0,10690590000.0,590320000.0,0.0,2026-02-19 09:30:03.276712
ANURAS,2023,15628630000.0,1808450000.0,8217070000.0,2920700000.0,0.0,2026-02-19 09:30:03.276886
ANURAS,2022,10507750000.0,1521790000.0,8362160000.0,-1714530000.0,0.0,2026-02-19 09:30:03.277054
ANURAS,2021,0.0,0.0,0.0,0.0,0.0,2026-02-19 09:30:03.277236
APARINDS,2025,184924700000.0,8213000000.0,5847000000.0,12905600000.0,0.0,2026-02-19 09:30:03.907173
APARINDS,2024,160451500000.0,8251100000.0,4756100000.0,-2832900000.0,0.0,2026-02-19 09:30:03.907457
APARINDS,2023,142578400000.0,6377200000.0,3762300000.0,6983400000.0,0.0,2026-02-19 09:30:03.907628
APARINDS,2022,92872200000.0,2567300000.0,3592000000.0,2437500000.0,0.0,2026-02-19 09:30:03.907791
APARINDS,2021,0.0,0.0,0.0,0.0,0.0,2026-02-19 09:30:03.907950
APCL,2025,4284000000.0,-808200000.0,4630400000.0,97000000.0,0.0,2026-02-19 09:30:04.542393
APCL,2024,6227800000.0,-390700000.0,4267300000.0,526400000.0,0.0,2026-02-19 09:30:04.542650
APCL,2023,6606700000.0,-581400000.0,4360700000.0,207200000.0,0.0,2026-02-19 09:30:04.542816
APCL,2022,7975400000.0,414200000.0,5008900000.0,985400000.0,0.0,2026-02-19 09:30:04.542977
APCL,2021,0.0,0.0,0.0,0.0,0.0,2026-02-19 09:30:04.543134
APEX,2025,7663546000.0,38765000.0,726502000.0,501742000.0,0.0,2026-02-19 09:30:05.865586
APEX,2024,7589882000.0,145993000.0,1068931000.0,111613000.0,0.0,2026-02-19 09:30:05.865862
APEX,2023,10114328000.0,358741000.0,905799000.0,1211851000.0,0.0,2026-02-19 09:30:05.866024
APEX,2022,8949706000.0,410745000.0,1676516000.0,355427000.0,0.0,2026-02-19 09:30:05.866185
APEX,2021,0.0,0.0,0.0,0.0,0.0,2026-02-19 09:30:05.866381
APLLTD,2025,65397100000.0,5834200000.0,12575000000.0,879700000.0,0.0,2026-02-19 09:30:07.138889
APLLTD,2024,61121100000.0,6158200000.0,5131600000.0,8032000000.0,0.0,2026-02-19 09:30:07.139145
APLLTD,2023,54997700000.0,3419900000.0,7220100000.0,7239500000.0,0.0,2026-02-19 09:30:07.139351
APLLTD,2022,52317900000.0,5209400000.0,7171100000.0,5523500000.0,0.0,2026-02-19 09:30:07.139515
APLLTD,2021,0.0,0.0,0.0,0.0,0.0,2026-02-19 09:30:07.139673
APOLLO,2025,5620692000.0,563963000.0,3353474000.0,102356000.0,0.0,2026-02-19 09:30:07.749620
APOLLO,2024,3716342000.0,311194000.0,2080444000.0,-758312000.0,0.0,2026-02-19 09:30:07.749892
APOLLO,2023,2975260000.0,187505000.0,1436500000.0,-162885000.0,0.0,2026-02-19 09:30:07.750061
APOLLO,2022,2431911000.0,146218000.0,1157770000.0,433126000.0,0.0,2026-02-19 09:30:07.750246
APOLLO,2021,0.0,0.0,0.0,0.0,0.0,2026-02-19 09:30:07.750416
APOLLOHOSP,2025,215774000000.0,14459000000.0,54192000000.0,21364000000.0,0.0,2026-02-19 09:30:08.399742
APOLLOHOSP,2024,188623000000.0,8986000000.0,53326000000.0,19202000000.0,0.0,2026-02-19 09:30:08.399990
APOLLOHOSP,2023,164448000000.0,8191000000.0,43324000000.0,13769000000.0,0.0,2026-02-19 09:30:08.400157
APOLLOHOSP,2022,145362000000.0,10556000000.0,40681000000.0,16960000000.0,0.0,2026-02-19 09:30:08.400347
APOLLOHOSP,2021,0.0,0.0,0.0,0.0,0.0,2026-02-19 09:30:08.400504
APOLLOPIPE,2025,11783683000.0,326482000.0,918273000.0,286655000.0,0.0,2026-02-19 09:30:09.173429
APOLLOPIPE,2024,9821607000.0,426447000.0,820255000.0,1246616000.0,0.0,2026-02-19 09:30:09.173694
APOLLOPIPE,2023,9109300000.0,239100000.0,437300000.0,687300000.0,0.0,2026-02-19 09:30:09.173879
APOLLOPIPE,2022,7808100000.0,497600000.0,387200000.0,363300000.0,0.0,2026-02-19 09:30:09.174039
APOLLOPIPE,2021,0.0,0.0,0.0,0.0,0.0,2026-02-19 09:30:09.174196
APOLLOTYRE,2025,257809730000.0,11213200000.0,44104320000.0,18231390000.0,0.0,2026-02-19 09:30:09.947958
APOLLOTYRE,2024,250203610000.0,17218660000.0,49051020000.0,34395240000.0,0.0,2026-02-19 09:30:09.948258
APOLLOTYRE,2023,241223240000.0,10458440000.0,64205300000.0,21366680000.0,0.0,2026-02-19 09:30:09.948434
APOLLOTYRE,2022,205808140000.0,6386000000.0,70609150000.0,21535600000.0,0.0,2026-02-19 09:30:09.948599
APOLSINHOT,2025,5417884000.0,77249000.0,807029000.0,213274000.0,0.0,2026-02-19 09:30:10.590578
APOLSINHOT,2024,5194067000.0,110686000.0,872418000.0,141266000.0,0.0,2026-02-19 09:30:10.590978
APOLSINHOT,2023,3670034000.0,169150000.0,1271636000.0,20729000.0,0.0,2026-02-19 09:30:10.591550
APOLSINHOT,2022,2079357000.0,148057000.0,230256000.0,181904000.0,0.0,2026-02-19 09:30:10.591780
APTECHT,2025,4601010000.0,190788000.0,67636000.0,201000000.0,0.0,2026-02-19 09:30:11.208547
APTECHT,2024,4368055000.0,290416000.0,84761000.0,-84093000.0,0.0,2026-02-19 09:30:11.208812
APTECHT,2023,4569168000.0,676871000.0,69282000.0,986852000.0,0.0,2026-02-19 09:30:11.208984
APTECHT,2022,2260976000.0,494372000.0,1732000.0,449850000.0,0.0,2026-02-19 09:30:11.209149
APTECHT,2021,0.0,0.0,0.0,0.0,0.0,2026-02-19 09:30:11.209345
APTUS,2025,12578874000.0,7512461000.0,68730872000.0,-14049121000.0,0.0,2026-02-19 09:30:11.857877
APTUS,2024,10213326000.0,6118956000.0,51996122000.0,-13556786000.0,0.0,2026-02-19 09:30:11.858153
APTUS,2023,8577256000.0,5030146000.0,37958211000.0,-10471090000.0,0.0,2026-02-19 09:30:11.858354
APTUS,2022,6316306000.0,3701401000.0,27284283000.0,-7235267000.0,0.0,2026-02-19 09:30:11.858520
APTUS,2021,0.0,0.0,0.0,0.0,0.0,2026-02-19 09:30:11.858697
ARCHIDPLY,2025,5557119000.0,-73580000.0,1962681000.0,-233576000.0,0.0,2026-02-19 09:30:12.585481
ARCHIDPLY,2024,4353491000.0,70984000.0,1523803000.0,114573000.0,0.0,2026-02-19 09:30:12.585747
ARCHIDPLY,2023,4209289000.0,122513000.0,825826000.0,211105000.0,0.0,2026-02-19 09:30:12.585918
ARCHIDPLY,2022,3056804000.0,84569000.0,537751000.0,114389000.0,0.0,2026-02-19 09:30:12.586083
ARCHIES,2025,689024000.0,-14629000.0,481608000.0,76664000.0,0.0,2026-02-19 09:30:13.176514
ARCHIES,2024,793328000.0,-82120000.0,562487000.0,39882000.0,0.0,2026-02-19 09:30:13.176762
ARCHIES,2023,831892000.0,24075000.0,503295000.0,67840000.0,0.0,2026-02-19 09:30:13.176925
ARCHIES,2022,755324000.0,-26283000.0,599397000.0,30775000.0,0.0,2026-02-19 09:30:13.177081
ARE&M,2025,127856400000.0,9446700000.0,2608000000.0,13513100000.0,0.0,2026-02-19 09:30:13.779307
ARE&M,2024,116537200000.0,9343800000.0,1566900000.0,12660200000.0,0.0,2026-02-19 09:30:13.779558
ARE&M,2023,103393400000.0,7308300000.0,2013500000.0,9446600000.0,0.0,2026-02-19 09:30:13.779721
ARE&M,2022,86547000000.0,5125700000.0,1258900000.0,6332600000.0,0.0,2026-02-19 09:30:13.779879
ARENTERP,2025,15728080.0,2349570.0,0.0,-8814400.0,0.0,2026-02-19 09:30:14.352554
ARENTERP,2024,15786480.0,7188600.0,5000000.0,-2516760.0,0.0,2026-02-19 09:30:14.352811
ARENTERP,2023,19036110.0,2950070.0,0.0,-3800190.0,0.0,2026-02-19 09:30:14.352977
ARENTERP,2022,4360520.0,5477350.0,0.0,-6154190.0,0.0,2026-02-19 09:30:14.353139
ARENTERP,2021,0.0,0.0,0.0,0.0,0.0,2026-02-19 09:30:14.353330
ARFIN,2025,6125463000.0,91463000.0,1169179000.0,-212047000.0,0.0,2026-02-19 09:30:14.929997
ARFIN,2024,5322688000.0,82204000.0,1197207000.0,46446000.0,0.0,2026-02-19 09:30:14.930293
ARFIN,2023,5432044000.0,103168000.0,1121489000.0,293998000.0,0.0,2026-02-19 09:30:14.930467
ARFIN,2022,5248861000.0,91873000.0,1116559000.0,112838000.0,0.0,2026-02-19 09:30:14.930631
ARFIN,2021,0.0,0.0,0.0,0.0,0.0,2026-02-19 09:30:14.930807
ARIES,2025,6222172000.0,340229000.0,486236000.0,1052644000.0,0.0,2026-02-19 09:30:15.595571
ARIES,2024,5164576000.0,194311000.0,735501000.0,765415000.0,0.0,2026-02-19 09:30:15.595855
ARIES,2023,4722359000.0,171293000.0,997000000.0,545039000.0,0.0,2026-02-19 09:30:15.596057
ARIES,2022,4323685000.0,132903000.0,1122839000.0,687369000.0,0.0,2026-02-19 09:30:15.596264
ARIES,2021,0.0,0.0,0.0,0.0,0.0,2026-02-19 09:30:15.596440
ARIHANTCAP,2025,1392539000.0,587028000.0,956712000.0,315760000.0,0.0,2026-02-19 09:30:16.232948
ARIHANTCAP,2024,1217494000.0,705104000.0,992773000.0,-296317000.0,0.0,2026-02-19 09:30:16.233217
ARIHANTCAP,2023,793620000.0,291176000.0,596753000.0,146916000.0,0.0,2026-02-19 09:30:16.233390
ARIHANTCAP,2022,968994000.0,503610000.0,823780000.0,-180551000.0,0.0,2026-02-19 09:30:16.233542
ARIHANTSUP,2025,4977419000.0,546762000.0,7383731000.0,-1778408000.0,0.0,2026-02-19 09:30:16.861405
ARIHANTSUP,2024,5038470000.0,692246000.0,4773945000.0,-1206890000.0,0.0,2026-02-19 09:30:16.861661
ARIHANTSUP,2023,3887146000.0,314023000.0,3318618000.0,-118004000.0,0.0,2026-02-19 09:30:16.861831
ARIHANTSUP,2022,3304152000.0,413414000.0,2992785000.0,206847000.0,0.0,2026-02-19 09:30:16.861993
ARIHANTSUP,2021,0.0,0.0,0.0,0.0,0.0,2026-02-19 09:30:16.862150
ARIS,2025,7676720000.0,20650000.0,3430610000.0,-212840000.0,0.0,2026-02-19 09:30:17.487959
ARIS,2024,6968420000.0,-186090000.0,2755120000.0,34530000.0,0.0,2026-02-19 09:30:17.488258
ARIS,2023,7460710000.0,-142070000.0,2241010000.0,-143260000.0,0.0,2026-02-19 09:30:17.488452
ARIS,2022,4523480000.0,-61950000.0,1557860000.0,-2690840000.0,0.0,2026-02-19 09:30:17.488616
ARKADE,2025,6687666000.0,1569324000.0,1146429000.0,-2177211000.0,0.0,2026-02-19 09:30:18.095003
ARKADE,2024,6344436000.0,1229462000.0,712295000.0,1014897000.0,0.0,2026-02-19 09:30:18.095277
ARKADE,2023,2191570000.0,507830000.0,1489950000.0,-987040000.0,0.0,2026-02-19 09:30:18.095447
ARKADE,2022,2230110000.0,504730000.0,644130000.0,-1231830000.0,0.0,2026-02-19 09:30:18.095610
ARKADE,2021,0.0,0.0,0.0,0.0,0.0,2026-02-19 09:30:18.095766
ARMANFIN,2025,6167130000.0,520732000.0,12323205000.0,4928151000.0,0.0,2026-02-19 09:30:18.778309
ARMANFIN,2024,6163847000.0,1735728000.0,17249275000.0,-3024040000.0,0.0,2026-02-19 09:30:18.778562
ARMANFIN,2023,3885312000.0,938113000.0,16044111000.0,-7176609000.0,0.0,2026-02-19 09:30:18.778727
ARMANFIN,2022,2229870000.0,317228000.0,9896905000.0,-2807026000.0,0.0,2026-02-19 09:30:18.778882
ARMANFIN,2021,0.0,0.0,0.0,0.0,0.0,2026-02-19 09:30:18.779037
AROGRANITE,2025,1230905000.0,-64228000.0,1596464000.0,330127000.0,0.0,2026-02-19 09:30:19.375819
AROGRANITE,2024,1550948000.0,13140000.0,1887469000.0,350343000.0,0.0,2026-02-19 09:30:19.376074
AROGRANITE,2023,1639020000.0,-57881000.0,2050205000.0,139567000.0,0.0,2026-02-19 09:30:19.376271
AROGRANITE,2022,2247401000.0,89059000.0,1993031000.0,-181492000.0,0.0,2026-02-19 09:30:19.376439
AROGRANITE,2021,0.0,0.0,0.0,0.0,0.0,2026-02-19 09:30:19.376610
ARROWGREEN,2025,2433500000.0,631300000.0,6700000.0,675700000.0,0.0,2026-02-19 09:30:20.050850
ARROWGREEN,2024,1485100000.0,295100000.0,12400000.0,178300000.0,0.0,2026-02-19 09:30:20.051110
ARROWGREEN,2023,1086900000.0,122800000.0,34500000.0,29800000.0,0.0,2026-02-19 09:30:20.051303
ARROWGREEN,2022,335600000.0,-93300000.0,47200000.0,23900000.0,0.0,2026-02-19 09:30:20.051466
ARROWGREEN,2021,0.0,0.0,0.0,0.0,0.0,2026-02-19 09:30:20.051626
ARSSBL,2025,7041950000.0,1036060000.0,9055640000.0,6918140000.0,0.0,2026-02-19 09:30:20.717102
ARSSBL,2024,5901310000.0,772900000.0,8792430000.0,1869120000.0,0.0,2026-02-19 09:30:20.717557
ARSSBL,2023,4238730000.0,377450000.0,4229970000.0,151480000.0,0.0,2026-02-19 09:30:20.717864
ARSSBL,2022,3815960000.0,507990000.0,2755220000.0,-166640000.0,0.0,2026-02-19 09:30:20.718130
ARTNIRMAN,2025,273852000.0,19923000.0,180556000.0,-134085000.0,0.0,2026-02-19 09:30:21.707778
ARTNIRMAN,2024,342896000.0,11787000.0,29224000.0,15853000.0,0.0,2026-02-19 09:30:21.708122
ARTNIRMAN,2023,197168000.0,1122000.0,25262000.0,-72977000.0,0.0,2026-02-19 09:30:21.708409
ARTNIRMAN,2022,366512000.0,-109970000.0,2271000.0,93008000.0,0.0,2026-02-19 09:30:21.708576
ARTNIRMAN,2021,0.0,0.0,0.0,0.0,0.0,2026-02-19 09:30:21.708741
ARVIND,2025,80164100000.0,3534900000.0,15622300000.0,7628800000.0,0.0,2026-02-19 09:30:22.425943
ARVIND,2024,74722200000.0,3366100000.0,14479900000.0,6963600000.0,0.0,2026-02-19 09:30:22.426215
ARVIND,2023,81153900000.0,4045600000.0,15173800000.0,6660700000.0,0.0,2026-02-19 09:30:22.426391
ARVIND,2022,75939100000.0,2381500000.0,18649600000.0,5945700000.0,0.0,2026-02-19 09:30:22.426554
ARVIND,2021,0.0,0.0,0.0,0.0,0.0,2026-02-19 09:30:22.426713
ARVINDFASN,2025,46176100000.0,-355700000.0,11567900000.0,5295200000.0,0.0,2026-02-19 09:30:23.205365
ARVINDFASN,2024,42515500000.0,806400000.0,11479200000.0,4341800000.0,0.0,2026-02-19 09:30:23.205624
ARVINDFASN,2023,40644400000.0,367100000.0,12650300000.0,3172700000.0,0.0,2026-02-19 09:30:23.205795
ARVINDFASN,2022,30524000000.0,-2674000000.0,11030900000.0,3001200000.0,0.0,2026-02-19 09:30:23.205959
ARVSMART,2025,7067764000.0,1104920000.0,2853672000.0,-839849000.0,0.0,2026-02-19 09:30:23.830391
ARVSMART,2024,3302356000.0,415706000.0,1102214000.0,305013000.0,0.0,2026-02-19 09:30:23.830651
ARVSMART,2023,2457614000.0,256075000.0,1458016000.0,-1010427000.0,0.0,2026-02-19 09:30:23.830819
ARVSMART,2022,2443384000.0,250583000.0,301682000.0,1605829000.0,0.0,2026-02-19 09:30:23.830990
ARVSMART,2021,0.0,0.0,0.0,0.0,0.0,2026-02-19 09:30:23.831150
ASAHIINDIA,2025,45397600000.0,3712700000.0,26958000000.0,7199700000.0,0.0,2026-02-19 09:30:24.403415
ASAHIINDIA,2024,43060100000.0,3279800000.0,19675300000.0,6533400000.0,0.0,2026-02-19 09:30:24.403673
ASAHIINDIA,2023,39831900000.0,3648800000.0,14014100000.0,4015700000.0,0.0,2026-02-19 09:30:24.403838
ASAHIINDIA,2022,31474400000.0,3447800000.0,12384100000.0,5860600000.0,0.0,2026-02-19 09:30:24.403999
ASAHIINDIA,2021,0.0,0.0,0.0,0.0,0.0,2026-02-19 09:30:24.404156
ASAHISONG,2025,5590554000.0,197546000.0,1672334000.0,579171000.0,0.0,2026-02-19 09:30:25.010410
ASAHISONG,2024,4253417000.0,200469000.0,1971980000.0,87319000.0,0.0,2026-02-19 09:30:25.010672
ASAHISONG,2023,5025398000.0,-116490000.0,1796800000.0,299710000.0,0.0,2026-02-19 09:30:25.010838
ASAHISONG,2022,4100015000.0,193596000.0,874579000.0,-3753000.0,0.0,2026-02-19 09:30:25.010997
ASAL,2025,7752832000.0,167789000.0,1486908000.0,-67194000.0,0.0,2026-02-19 09:30:25.610020
ASAL,2024,8803269000.0,201701000.0,1047089000.0,311228000.0,0.0,2026-02-19 09:30:25.610311
ASAL,2023,8282314000.0,83253000.0,826691000.0,249653000.0,0.0,2026-02-19 09:30:25.610483
ASAL,2022,6076371000.0,523108000.0,819442000.0,438241000.0,0.0,2026-02-19 09:30:25.610646
ASALCBR,2025,10626308000.0,814164000.0,1015165000.0,739152000.0,0.0,2026-02-19 09:30:26.299324
ASALCBR,2024,7549786000.0,506230000.0,1079938000.0,284197000.0,0.0,2026-02-19 09:30:26.299581
ASALCBR,2023,6980293000.0,415560000.0,1000537000.0,67627000.0,0.0,2026-02-19 09:30:26.299748
ASALCBR,2022,5130112000.0,608056000.0,54410000.0,792326000.0,0.0,2026-02-19 09:30:26.299912
ASALCBR,2021,0.0,0.0,0.0,0.0,0.0,2026-02-19 09:30:26.300073
ASHAPURMIN,2025,26938202000.0,2958126000.0,11629059000.0,1884007000.0,0.0,2026-02-19 09:30:26.931316
ASHAPURMIN,2024,26201201000.0,2870033000.0,9835762000.0,1480577000.0,0.0,2026-02-19 09:30:26.931575
ASHAPURMIN,2023,17966482000.0,1170064000.0,7579645000.0,937423000.0,0.0,2026-02-19 09:30:26.931740
ASHAPURMIN,2022,12515729000.0,865174000.0,6394720000.0,1142593000.0,0.0,2026-02-19 09:30:26.931900
ASHIANA,2025,5244804000.0,182382000.0,2761200000.0,2335094000.0,0.0,2026-02-19 09:30:27.613772
ASHIANA,2024,9346099000.0,833959000.0,1481467000.0,2123068000.0,0.0,2026-02-19 09:30:27.614028
ASHIANA,2023,3996074000.0,278776000.0,1839304000.0,347300000.0,0.0,2026-02-19 09:30:27.614196
ASHIANA,2022,2038526000.0,-70425000.0,1740573000.0,-818500000.0,0.0,2026-02-19 09:30:27.614391
ASHIANA,2021,0.0,0.0,0.0,0.0,0.0,2026-02-19 09:30:27.614567
ASHIMASYN,2025,104800000.0,-190000000.0,1127400000.0,-198600000.0,0.0,2026-02-19 09:30:28.149494
ASHIMASYN,2024,896100000.0,964100000.0,1215900000.0,-385100000.0,0.0,2026-02-19 09:30:28.149748
ASHIMASYN,2023,2069800000.0,-66500000.0,301700000.0,-239100000.0,0.0,2026-02-19 09:30:28.149918
ASHIMASYN,2022,2080700000.0,179200000.0,163400000.0,-264000000.0,0.0,2026-02-19 09:30:28.150083
ASHIMASYN,2021,0.0,0.0,0.0,0.0,0.0,2026-02-19 09:30:28.150273
ASHOKA,2025,89738888000.0,16941026000.0,22259558000.0,16734528000.0,0.0,2026-02-19 09:30:28.956637
ASHOKA,2024,89569928000.0,5030795000.0,56646571000.0,7488417000.0,0.0,2026-02-19 09:30:28.956887
ASHOKA,2023,73537019000.0,2924218000.0,55092488000.0,4922382000.0,0.0,2026-02-19 09:30:28.957049
ASHOKA,2022,59989836000.0,7785610000.0,36326042000.0,3527588000.0,0.0,2026-02-19 09:30:28.957228
ASHOKA,2021,0.0,0.0,0.0,0.0,0.0,2026-02-19 09:30:28.957388
ASHOKAMET,2025,389626000.0,54852000.0,156310000.0,-62665000.0,0.0,2026-02-19 09:30:29.605144
ASHOKAMET,2024,662491000.0,47937000.0,166499000.0,158969000.0,0.0,2026-02-19 09:30:29.605429
ASHOKAMET,2023,504394000.0,32207000.0,157524000.0,-463315000.0,0.0,2026-02-19 09:30:29.605596
ASHOKAMET,2022,670287000.0,20911000.0,208955000.0,-145751000.0,0.0,2026-02-19 09:30:29.605755
ASHOKAMET,2021,0.0,0.0,0.0,0.0,0.0,2026-02-19 09:30:29.605913
ASHOKLEY,2025,483417600000.0,31068000000.0,499621100000.0,1284700000.0,0.0,2026-02-19 09:30:30.354061
ASHOKLEY,2024,455172600000.0,24835200000.0,408021800000.0,-62579800000.0,0.0,2026-02-19 09:30:30.354358
ASHOKLEY,2023,414883000000.0,12387100000.0,311609300000.0,-44992600000.0,0.0,2026-02-19 09:30:30.354531
ASHOKLEY,2022,261102600000.0,-3586100000.0,241450200000.0,28445600000.0,0.0,2026-02-19 09:30:30.354695
ASHOKLEY,2021,0.0,0.0,0.0,0.0,0.0,2026-02-19 09:30:30.354857
ASIANENE,2025,4640275000.0,421231000.0,240621000.0,-330765000.0,0.0,2026-02-19 09:30:31.053016
ASIANENE,2024,3045598000.0,254673000.0,223666000.0,-441045000.0,0.0,2026-02-19 09:30:31.053688
ASIANENE,2023,1089525000.0,-443570000.0,211495000.0,-26414000.0,0.0,2026-02-19 09:30:31.054114
ASIANENE,2022,2575802000.0,388111000.0,80756000.0,481143000.0,0.0,2026-02-19 09:30:31.054378
ASIANENE,2021,0.0,0.0,0.0,0.0,0.0,2026-02-19 09:30:31.054593
ASIANHOTNR,2025,3181924000.0,1872596000.0,5500611000.0,4365678000.0,0.0,2026-02-19 09:30:31.753831
ASIANHOTNR,2024,2980919000.0,-874967000.0,10524123000.0,724999000.0,0.0,2026-02-19 09:30:31.754085
ASIANHOTNR,2023,2557799000.0,-848206000.0,10816679000.0,429162000.0,0.0,2026-02-19 09:30:31.754301
ASIANHOTNR,2022,1305254000.0,-1248115000.0,10677651000.0,147004000.0,0.0,2026-02-19 09:30:31.754472
ASIANHOTNR,2021,0.0,0.0,0.0,0.0,0.0,2026-02-19 09:30:31.754636
ASIANPAINT,2025,338151700000.0,36672300000.0,22902900000.0,44239600000.0,0.0,2026-02-19 09:30:32.361853
ASIANPAINT,2024,353954200000.0,54602300000.0,24743800000.0,61036000000.0,0.0,2026-02-19 09:30:32.362108
ASIANPAINT,2023,343887100000.0,41064500000.0,19326200000.0,41934300000.0,0.0,2026-02-19 09:30:32.362309
ASIANPAINT,2022,289413500000.0,30305700000.0,15868400000.0,9864900000.0,0.0,2026-02-19 09:30:32.362478
ASIANPAINT,2021,0.0,0.0,0.0,0.0,0.0,2026-02-19 09:30:32.362641
ASIANTILES,2025,15543733000.0,275405000.0,2717743000.0,814224000.0,0.0,2026-02-19 09:30:33.042630
ASIANTILES,2024,15243109000.0,-122549000.0,2482053000.0,-824152000.0,0.0,2026-02-19 09:30:33.042887
ASIANTILES,2023,15569057000.0,-726946000.0,2265067000.0,-493438000.0,0.0,2026-02-19 09:30:33.043055
ASIANTILES,2022,15602252000.0,919462000.0,1988623000.0,-74681000.0,0.0,2026-02-19 09:30:33.043239
ASKAUTOLTD,2025,35342600000.0,2476200000.0,4119600000.0,3602000000.0,0.0,2026-02-19 09:30:33.707462
ASKAUTOLTD,2024,29566000000.0,1737700000.0,3458700000.0,3032900000.0,0.0,2026-02-19 09:30:33.707721
ASKAUTOLTD,2023,25272504000.0,1229500000.0,3278798000.0,1385803000.0,0.0,2026-02-19 09:30:33.707889
ASKAUTOLTD,2022,19962920000.0,826590000.0,1753470000.0,1442170000.0,0.0,2026-02-19 09:30:33.708049
ASMS,2025,400360000.0,17463000.0,1835000.0,-17381000.0,0.0,2026-02-19 09:30:34.439811
ASMS,2024,488380000.0,13827000.0,0.0,-4810000.0,0.0,2026-02-19 09:30:34.440060
ASMS,2023,526271000.0,1102246000.0,0.0,-92926000.0,0.0,2026-02-19 09:30:34.440247
ASMS,2022,655618000.0,-503012000.0,11996701000.0,39828000.0,0.0,2026-02-19 09:30:34.440416
ASMS,2021,0.0,0.0,0.0,0.0,0.0,2026-02-19 09:30:34.440577
ASPINWALL,2025,3315900000.0,145300000.0,753400000.0,-352600000.0,0.0,2026-02-19 09:30:35.107243
ASPINWALL,2024,2902200000.0,106800000.0,292300000.0,44500000.0,0.0,2026-02-19 09:30:35.107517
ASPINWALL,2023,2914900000.0,285500000.0,222700000.0,347700000.0,0.0,2026-02-19 09:30:35.107694
ASPINWALL,2022,2574400000.0,152700000.0,290100000.0,163500000.0,0.0,2026-02-19 09:30:35.107868
ASTEC,2025,3813035000.0,-1347524000.0,5545441000.0,-83986000.0,0.0,2026-02-19 09:30:35.767217
ASTEC,2024,4581807000.0,-469295000.0,4938947000.0,102210000.0,0.0,2026-02-19 09:30:35.767472
ASTEC,2023,6281662000.0,255649000.0,3411801000.0,746560000.0,0.0,2026-02-19 09:30:35.767640
ASTEC,2022,6765661000.0,898586000.0,2793731000.0,236041000.0,0.0,2026-02-19 09:30:35.767806
ASTEC,2021,0.0,0.0,0.0,0.0,0.0,2026-02-19 09:30:35.767966
ASTERDM,2025,40694200000.0,53778300000.0,20177700000.0,4250500000.0,0.0,2026-02-19 09:30:36.374329
ASTERDM,2024,36381900000.0,1292800000.0,13837500000.0,1578100000.0,0.0,2026-02-19 09:30:36.374587
ASTERDM,2023,29518000000.0,4249100000.0,57003000000.0,18339800000.0,0.0,2026-02-19 09:30:36.374757
ASTERDM,2022,102532800000.0,5259900000.0,49071300000.0,13140400000.0,0.0,2026-02-19 09:30:36.374925
ASTERDM,2021,0.0,0.0,0.0,0.0,0.0,2026-02-19 09:30:36.375089
ASTRAL,2025,58194000000.0,5238000000.0,2332000000.0,6296000000.0,0.0,2026-02-19 09:30:37.140220
ASTRAL,2024,56288000000.0,5461000000.0,1194000000.0,8234000000.0,0.0,2026-02-19 09:30:37.140509
ASTRAL,2023,51451000000.0,4566000000.0,871000000.0,5569000000.0,0.0,2026-02-19 09:30:37.140680
ASTRAL,2022,43839000000.0,4838000000.0,983000000.0,5431000000.0,0.0,2026-02-19 09:30:37.140842
ASTRAL,2021,0.0,0.0,0.0,0.0,0.0,2026-02-19 09:30:37.141015
ASTRAMICRO,2025,10511792000.0,1535088000.0,4235020000.0,-901474000.0,0.0,2026-02-19 09:30:37.786652
ASTRAMICRO,2024,9088202000.0,1210663000.0,2376415000.0,-1815158000.0,0.0,2026-02-19 09:30:37.786907
ASTRAMICRO,2023,8138037000.0,698295000.0,1862961000.0,-254714000.0,0.0,2026-02-19 09:30:37.787080
ASTRAMICRO,2022,7485489000.0,378707000.0,704031000.0,1146729000.0,0.0,2026-02-19 09:30:37.787274
ASTRAMICRO,2021,0.0,0.0,0.0,0.0,0.0,2026-02-19 09:30:37.787440
ASTRAZEN,2025,17132900000.0,1157400000.0,357300000.0,653600000.0,0.0,2026-02-19 09:30:38.343822
ASTRAZEN,2024,12955300000.0,1615100000.0,45900000.0,278700000.0,0.0,2026-02-19 09:30:38.344090
ASTRAZEN,2023,10029700000.0,992900000.0,72100000.0,582900000.0,0.0,2026-02-19 09:30:38.344281
ASTRAZEN,2022,8056000000.0,616000000.0,86300000.0,1008000000.0,0.0,2026-02-19 09:30:38.344449
ASTRON,2025,962184000.0,-567101000.0,779872000.0,39708000.0,0.0,2026-02-19 09:30:38.994966
ASTRON,2024,3107572000.0,-112073000.0,828536000.0,118967000.0,0.0,2026-02-19 09:30:38.995246
ASTRON,2023,3945550000.0,-239467000.0,844368000.0,111488000.0,0.0,2026-02-19 09:30:38.995423
ASTRON,2022,5015895000.0,81105000.0,764626000.0,-99066000.0,0.0,2026-02-19 09:30:38.995592
ASTRON,2021,0.0,0.0,0.0,0.0,0.0,2026-02-19 09:30:38.995752
ATALREAL,2025,957282833.0,35430982.0,158315529.0,-143476750.0,0.0,2026-02-19 09:30:39.670827
ATALREAL,2024,408257477.0,21446358.0,92055229.0,16709292.0,0.0,2026-02-19 09:30:39.671084
ATALREAL,2023,406300000.0,20792000.0,112217000.0,19306000.0,0.0,2026-02-19 09:30:39.671276
ATALREAL,2022,404326000.0,21551000.0,48091320.0,-74230000.0,0.0,2026-02-19 09:30:39.671438
ATALREAL,2021,0.0,0.0,0.0,0.0,0.0,2026-02-19 09:30:39.671594
ATAM,2025,604080000.0,62989000.0,120863000.0,-65802000.0,0.0,2026-02-19 09:30:40.280342
ATAM,2024,525547000.0,58320000.0,128710000.0,55797000.0,0.0,2026-02-19 09:30:40.280601
ATAM,2023,489550000.0,76676000.0,71752000.0,-71339000.0,0.0,2026-02-19 09:30:40.280765
ATAM,2022,202699000.0,13661000.0,59534000.0,1299000.0,0.0,2026-02-19 09:30:40.280924
ATAM,2021,0.0,0.0,0.0,0.0,0.0,2026-02-19 09:30:40.281079
ATHERENERG,2024,17511000000.0,-10597000000.0,4777000000.0,-2676000000.0,0.0,2026-02-19 09:30:41.561238
ATHERENERG,2023,17796000000.0,-8645000000.0,6716000000.0,-8713000000.0,0.0,2026-02-19 09:30:41.561560
ATHERENERG,2022,4085000000.0,-3441000000.0,3649000000.0,-2284000000.0,0.0,2026-02-19 09:30:41.561909
ATL,2025,7546321000.0,304805000.0,5480785000.0,1083908000.0,0.0,2026-02-19 09:30:42.173862
ATL,2024,7307499000.0,443982000.0,4191299000.0,992148000.0,0.0,2026-02-19 09:30:42.174131
ATL,2023,7038599000.0,575619000.0,4136080000.0,1249012000.0,0.0,2026-02-19 09:30:42.174331
ATLANTAA,2025,680898000.0,425717000.0,3142370000.0,546871000.0,0.0,2026-02-19 09:30:42.865730
ATLANTAA,2024,1327238000.0,4678646000.0,2475393000.0,-346780000.0,0.0,2026-02-19 09:30:42.865984
ATLANTAA,2023,509610000.0,-324000000.0,8195522300.0,457460000.0,0.0,2026-02-19 09:30:42.866156
ATLANTAA,2022,2339635000.0,-4024736000.0,8034146000.0,1091621000.0,0.0,2026-02-19 09:30:42.866352
ATLANTAA,2021,0.0,0.0,0.0,0.0,0.0,2026-02-19 09:30:42.866514
ATLANTAELE,2025,12251000000.0,1042350000.0,1970990000.0,835760000.0,0.0,2026-02-19 09:30:43.389387
ATLANTAELE,2024,8544590000.0,635210000.0,488200000.0,883110000.0,0.0,2026-02-19 09:30:43.389640
ATLANTAELE,2023,8686540000.0,874730000.0,740490000.0,519760000.0,0.0,2026-02-19 09:30:43.389807
ATLANTAELE,2022,6171300000.0,553030000.0,777500000.0,7450000.0,0.0,2026-02-19 09:30:43.389971
ATLASCYCLE,2025,93369000.0,95126000.0,90000000.0,-6498000.0,0.0,2026-02-19 09:30:44.130448
ATLASCYCLE,2024,62258000.0,5375000.0,90000000.0,-511988000.0,0.0,2026-02-19 09:30:44.130697
ATLASCYCLE,2023,17315000.0,-232984000.0,90000000.0,-54017000.0,0.0,2026-02-19 09:30:44.130862
ATLASCYCLE,2022,33800000.0,-287500000.0,90000000.0,-41500000.0,0.0,2026-02-19 09:30:44.131021
ATLASCYCLE,2021,0.0,0.0,0.0,0.0,0.0,2026-02-19 09:30:44.131182
ATUL,2025,55100100000.0,4839300000.0,2017300000.0,6924900000.0,0.0,2026-02-19 09:30:44.724437
ATUL,2024,46680200000.0,3230200000.0,2365500000.0,4506200000.0,0.0,2026-02-19 09:30:44.724711
ATUL,2023,53663700000.0,5140900000.0,522400000.0,7066900000.0,0.0,2026-02-19 09:30:44.724881
ATUL,2022,50242400000.0,6042600000.0,1441700000.0,2314500000.0,0.0,2026-02-19 09:30:44.725045
ATUL,2021,0.0,0.0,0.0,0.0,0.0,2026-02-19 09:30:44.725223
ATULAUTO,2025,7138200000.0,216300000.0,744300000.0,334800000.0,0.0,2026-02-19 09:30:45.345142
ATULAUTO,2024,5213400000.0,89800000.0,1096900000.0,-7900000.0,0.0,2026-02-19 09:30:45.345442
ATULAUTO,2023,5046000000.0,40000000.0,1370800000.0,-176500000.0,0.0,2026-02-19 09:30:45.345616
ATULAUTO,2022,3066800000.0,-249400000.0,1560600000.0,-1691700000.0,0.0,2026-02-19 09:30:45.345790
ATULAUTO,2021,0.0,0.0,0.0,0.0,0.0,2026-02-19 09:30:45.345954
AURIONPRO,2025,11729671000.0,1861743000.0,305031000.0,1571020000.0,0.0,2026-02-19 09:30:46.648914
AURIONPRO,2024,8874715000.0,1409723000.0,812494000.0,1636256000.0,0.0,2026-02-19 09:30:46.649275
AURIONPRO,2023,6593316000.0,973293000.0,883075000.0,408855000.0,0.0,2026-02-19 09:30:46.649585
AURIONPRO,2022,5050122000.0,706718000.0,613564000.0,620411000.0,0.0,2026-02-19 09:30:46.649869
AURIONPRO,2021,0.0,0.0,0.0,0.0,0.0,2026-02-19 09:30:46.650081
AUROPHARMA,2025,313781300000.0,34858800000.0,82628700000.0,39246200000.0,0.0,2026-02-19 09:30:47.404168
AUROPHARMA,2024,287045000000.0,31729700000.0,66476300000.0,24345200000.0,0.0,2026-02-19 09:30:47.404544
AUROPHARMA,2023,246171300000.0,19275000000.0,52862100000.0,23867500000.0,0.0,2026-02-19 09:30:47.404849
AUROPHARMA,2022,233665500000.0,26481500000.0,32789600000.0,50164800000.0,0.0,2026-02-19 09:30:47.405116
AUROPHARMA,2021,0.0,0.0,0.0,0.0,0.0,2026-02-19 09:30:47.405414
AURUM,2025,2638400000.0,-333700000.0,2733400000.0,276800000.0,0.0,2026-02-19 09:30:48.065075
AURUM,2024,2140500000.0,-557500000.0,3232400000.0,202000000.0,0.0,2026-02-19 09:30:48.065358
AURUM,2023,1268700000.0,-288900000.0,985700000.0,-500600000.0,0.0,2026-02-19 09:30:48.065527
AURUM,2022,157900000.0,-111600000.0,75500000.0,-242600000.0,0.0,2026-02-19 09:30:48.065692
AURUM,2021,0.0,0.0,0.0,0.0,0.0,2026-02-19 09:30:48.065852
AUTOAXLES,2025,20352580000.0,1555350000.0,155310000.0,1282470000.0,0.0,2026-02-19 09:30:48.808274
AUTOAXLES,2024,21774860000.0,1661550000.0,217830000.0,2601550000.0,0.0,2026-02-19 09:30:48.808543
AUTOAXLES,2023,22565850000.0,1620290000.0,280580000.0,516060000.0,0.0,2026-02-19 09:30:48.808710
AUTOAXLES,2022,14516500000.0,743580000.0,234520000.0,432850000.0,0.0,2026-02-19 09:30:48.808870
