symbol,sector,computed_time
AUBANK,BANK,2026-02-19 08:12:00.874329
AXISBANK,BANK,2026-02-19 08:12:00.874329
BANKBARODA,BANK,2026-02-19 08:12:00.874329
CANBK,BANK,2026-02-19 08:12:00.874329
FEDERALBNK,BANK,2026-02-19 08:12:00.874329
HDFCBANK,BANK,2026-02-19 08:12:00.874329
ICICIBANK,BANK,2026-02-19 08:12:00.874329
IDFCFIRSTB,BANK,2026-02-19 08:12:00.874329
INDUSINDBK,BANK,2026-02-19 08:12:00.874329
KOTAKBANK,BANK,2026-02-19 08:12:00.874329
PNB,BANK,2026-02-19 08:12:00.874329
SBIN,BANK,2026-02-19 08:12:00.874329
UNIONBANK,BANK,2026-02-19 08:12:00.874329
YESBANK,BANK,2026-02-19 08:12:00.874329
COFORGE,IT,2026-02-19 08:12:00.874329
HCLTECH,IT,2026-02-19 08:12:00.874329
INFY,IT,2026-02-19 08:12:00.874329
LTIM,IT,2026-02-19 08:12:00.874329
MPHASIS,IT,2026-02-19 08:12:00.874329
OFSS,IT,2026-02-19 08:12:00.874329
PERSISTENT,IT,2026-02-19 08:12:00.874329
TCS,IT,2026-02-19 08:12:00.874329
TECHM,IT,2026-02-19 08:12:00.874329
WIPRO,IT,2026-02-19 08:12:00.874329
ABBOTINDIA,PHARMA,2026-02-19 08:12:00.874329
AJANTPHARM,PHARMA,2026-02-19 08:12:00.874329
ALKEM,PHARMA,2026-02-19 08:12:00.874329
AUROPHARMA,PHARMA,2026-02-19 08:12:00.874329
BIOCON,PHARMA,2026-02-19 08:12:00.874329
CIPLA,PHARMA,2026-02-19 08:12:00.874329
DIVISLAB,PHARMA,2026-02-19 08:12:00.874329
DRREDDY,PHARMA,2026-02-19 08:12:00.874329
GLAND,PHARMA,2026-02-19 08:12:00.874329
GLENMARK,PHARMA,2026-02-19 08:12:00.874329
IPCALAB,PHARMA,2026-02-19 08:12:00.874329
JBCHEPHARM,PHARMA,2026-02-19 08:12:00.874329
LAURUSLABS,PHARMA,2026-02-19 08:12:00.874329
LUPIN,PHARMA,2026-02-19 08:12:00.874329
MANKIND,PHARMA,2026-02-19 08:12:00.874329
PPLPHARMA,PHARMA,2026-02-19 08:12:00.874329
SUNPHARMA,PHARMA,2026-02-19 08:12:00.874329
TORNTPHARM,PHARMA,2026-02-19 08:12:00.874329
WOCKPHARMA,PHARMA,2026-02-19 08:12:00.874329
ZYDUSLIFE,PHARMA,2026-02-19 08:12:00.874329
ASHOKLEY,AUTO,2026-02-19 08:12:00.874329
BAJAJ-AUTO,AUTO,2026-02-19 08:12:00.874329
BHARATFORG,AUTO,2026-02-19 08:12:00.874329
BOSCHLTD,AUTO,2026-02-19 08:12:00.874329
EICHERMOT,AUTO,2026-02-19 08:12:00.874329
EXIDEIND,AUTO,2026-02-19 08:12:00.874329
HEROMOTOCO,AUTO,2026-02-19 08:12:00.874329
M&M,AUTO,2026-02-19 08:12:00.874329
MARUTI,AUTO,2026-02-19 08:12:00.874329
MOTHERSON,AUTO,2026-02-19 08:12:00.874329
SONACOMS,AUTO,2026-02-19 08:12:00.874329
TVSMOTOR,AUTO,2026-02-19 08:12:00.874329
TMPV,AUTO,2026-02-19 08:12:00.874329
TIINDIA,AUTO,2026-02-19 08:12:00.874329
UNOMINDA,AUTO,2026-02-19 08:12:00.874329
BRITANNIA,FMCG,2026-02-19 08:12:00.874329
COLPAL,FMCG,2026-02-19 08:12:00.874329
DABUR,FMCG,2026-02-19 08:12:00.874329
EMAMILTD,FMCG,2026-02-19 08:12:00.874329
GODREJCP,FMCG,2026-02-19 08:12:00.874329
HINDUNILVR,FMCG,2026-02-19 08:12:00.874329
ITC,FMCG,2026-02-19 08:12:00.874329
KWIL,FMCG,2026-02-19 08:12:00.874329
MARICO,FMCG,2026-02-19 08:12:00.874329
NESTLEIND,FMCG,2026-02-19 08:12:00.874329
PATANJALI,FMCG,2026-02-19 08:12:00.874329
RADICO,FMCG,2026-02-19 08:12:00.874329
TATACONSUM,FMCG,2026-02-19 08:12:00.874329
UBL,FMCG,2026-02-19 08:12:00.874329
UNITDSPR,FMCG,2026-02-19 08:12:00.874329
VBL,FMCG,2026-02-19 08:12:00.874329
APLAPOLLO,METAL,2026-02-19 08:12:00.874329
ADANIENT,METAL,2026-02-19 08:12:00.874329
HINDALCO,METAL,2026-02-19 08:12:00.874329
HINDCOPPER,METAL,2026-02-19 08:12:00.874329
HINDZINC,METAL,2026-02-19 08:12:00.874329
JSWSTEEL,METAL,2026-02-19 08:12:00.874329
JSL,METAL,2026-02-19 08:12:00.874329
JINDALSTEL,METAL,2026-02-19 08:12:00.874329
LLOYDSME,METAL,2026-02-19 08:12:00.874329
NMDC,METAL,2026-02-19 08:12:00.874329
NATIONALUM,METAL,2026-02-19 08:12:00.874329
SAIL,METAL,2026-02-19 08:12:00.874329
TATASTEEL,METAL,2026-02-19 08:12:00.874329
VEDL,METAL,2026-02-19 08:12:00.874329
WELCORP,METAL,2026-02-19 08:12:00.874329
ANANTRAJ,REALTY,2026-02-19 08:12:00.874329
BRIGADE,REALTY,2026-02-19 08:12:00.874329
DLF,REALTY,2026-02-19 08:12:00.874329
GODREJPROP,REALTY,2026-02-19 08:12:00.874329
LODHA,REALTY,2026-02-19 08:12:00.874329
OBEROIRLTY,REALTY,2026-02-19 08:12:00.874329
PHOENIXLTD,REALTY,2026-02-19 08:12:00.874329
PRESTIGE,REALTY,2026-02-19 08:12:00.874329
SIGNATURE,REALTY,2026-02-19 08:12:00.874329
SOBHA,REALTY,2026-02-19 08:12:00.874329
DBCORP,MEDIA,2026-02-19 08:12:00.874329
HATHWAY,MEDIA,2026-02-19 08:12:00.874329
NAZARA,MEDIA,2026-02-19 08:12:00.874329
NETWORK18,MEDIA,2026-02-19 08:12:00.874329
PVRINOX,MEDIA,2026-02-19 08:12:00.874329
PFOCUS,MEDIA,2026-02-19 08:12:00.874329
SAREGAMA,MEDIA,2026-02-19 08:12:00.874329
SUNTV,MEDIA,2026-02-19 08:12:00.874329
TIPSMUSIC,MEDIA,2026-02-19 08:12:00.874329
ZEEL,MEDIA,2026-02-19 08:12:00.874329
ABB,ENERGY,2026-02-19 08:12:00.874329
ADANIENSOL,ENERGY,2026-02-19 08:12:00.874329
ADANIGREEN,ENERGY,2026-02-19 08:12:00.874329
ADANIPOWER,ENERGY,2026-02-19 08:12:00.874329
ATGL,ENERGY,2026-02-19 08:12:00.874329
AEGISLOG,ENERGY,2026-02-19 08:12:00.874329
BHEL,ENERGY,2026-02-19 08:12:00.874329
BPCL,ENERGY,2026-02-19 08:12:00.874329
CESC,ENERGY,2026-02-19 08:12:00.874329
CGPOWER,ENERGY,2026-02-19 08:12:00.874329
CASTROLIND,ENERGY,2026-02-19 08:12:00.874329
COALINDIA,ENERGY,2026-02-19 08:12:00.874329
GAIL,ENERGY,2026-02-19 08:12:00.874329
GVT&D,ENERGY,2026-02-19 08:12:00.874329
GUJGASLTD,ENERGY,2026-02-19 08:12:00.874329
GSPL,ENERGY,2026-02-19 08:12:00.874329
HINDPETRO,ENERGY,2026-02-19 08:12:00.874329
POWERINDIA,ENERGY,2026-02-19 08:12:00.874329
IOC,ENERGY,2026-02-19 08:12:00.874329
IGL,ENERGY,2026-02-19 08:12:00.874329
INOXWIND,ENERGY,2026-02-19 08:12:00.874329
JSWENERGY,ENERGY,2026-02-19 08:12:00.874329
JPPOWER,ENERGY,2026-02-19 08:12:00.874329
MGL,ENERGY,2026-02-19 08:12:00.874329
NHPC,ENERGY,2026-02-19 08:12:00.874329
NLCINDIA,ENERGY,2026-02-19 08:12:00.874329
NTPC,ENERGY,2026-02-19 08:12:00.874329
ONGC,ENERGY,2026-02-19 08:12:00.874329
OIL,ENERGY,2026-02-19 08:12:00.874329
PETRONET,ENERGY,2026-02-19 08:12:00.874329
POWERGRID,ENERGY,2026-02-19 08:12:00.874329
RELIANCE,ENERGY,2026-02-19 08:12:00.874329
RPOWER,ENERGY,2026-02-19 08:12:00.874329
SJVN,ENERGY,2026-02-19 08:12:00.874329
ENRIN,ENERGY,2026-02-19 08:12:00.874329
SIEMENS,ENERGY,2026-02-19 08:12:00.874329
SUZLON,ENERGY,2026-02-19 08:12:00.874329
TATAPOWER,ENERGY,2026-02-19 08:12:00.874329
THERMAX,ENERGY,2026-02-19 08:12:00.874329
TORNTPOWER,ENERGY,2026-02-19 08:12:00.874329
20MICRONS,Unknown,2026-02-19 08:12:00.874329
21STCENMGM,Unknown,2026-02-19 08:12:00.874329
360ONE,Unknown,2026-02-19 08:12:00.874329
3IINFOLTD,IT,2026-02-19 08:12:00.874329
3MINDIA,Unknown,2026-02-19 08:12:00.874329
3PLAND,Unknown,2026-02-19 08:12:00.874329
5PAISA,Unknown,2026-02-19 08:12:00.874329
63MOONS,IT,2026-02-19 08:12:00.874329
A2ZINFRA,Unknown,2026-02-19 08:12:00.874329
AADHARHFC,Finance,2026-02-19 08:12:00.874329
AAKASH,Unknown,2026-02-19 08:12:00.874329
AAREYDRUGS,Pharma,2026-02-19 08:12:00.874329
AARON,Unknown,2026-02-19 08:12:00.874329
AARTECH,IT,2026-02-19 08:12:00.874329
AARTIDRUGS,Unknown,2026-02-19 08:12:00.874329
AARTIIND,Unknown,2026-02-19 08:12:00.874329
AARTIPHARM,Pharma,2026-02-19 08:12:00.874329
AARTISURF,Unknown,2026-02-19 08:12:00.874329
AARVI,Unknown,2026-02-19 08:12:00.874329
AAVAS,Unknown,2026-02-19 08:12:00.874329
ABCAPITAL,Unknown,2026-02-19 08:12:00.874329
ABCOTS,Unknown,2026-02-19 08:12:00.874329
ABDL,Unknown,2026-02-19 08:12:00.874329
ABFRL,Unknown,2026-02-19 08:12:00.874329
ABINFRA,Unknown,2026-02-19 08:12:00.874329
ABLBL,Unknown,2026-02-19 08:12:00.874329
ABREL,Unknown,2026-02-19 08:12:00.874329
ABSLAMC,Unknown,2026-02-19 08:12:00.874329
ACC,Unknown,2026-02-19 08:12:00.874329
ACCELYA,Unknown,2026-02-19 08:12:00.874329
ACCURACY,Unknown,2026-02-19 08:12:00.874329
ACE,Unknown,2026-02-19 08:12:00.874329
ACEINTEG,Unknown,2026-02-19 08:12:00.874329
ACI,Unknown,2026-02-19 08:12:00.874329
ACL,Cement,2026-02-19 08:12:00.874329
ACMESOLAR,Unknown,2026-02-19 08:12:00.874329
ACUTAAS,Unknown,2026-02-19 08:12:00.874329
ADANIPORTS,Unknown,2026-02-19 08:12:00.874329
ADFFOODS,Unknown,2026-02-19 08:12:00.874329
ADL,Unknown,2026-02-19 08:12:00.874329
ADOR,Unknown,2026-02-19 08:12:00.874329
ADROITINFO,IT,2026-02-19 08:12:00.874329
ADSL,Unknown,2026-02-19 08:12:00.874329
ADVAIT,Energy,2026-02-19 08:12:00.874329
ADVANCE,Unknown,2026-02-19 08:12:00.874329
ADVANIHOTR,Unknown,2026-02-19 08:12:00.874329
ADVENTHTL,Unknown,2026-02-19 08:12:00.874329
ADVENZYMES,IT,2026-02-19 08:12:00.874329
AEGISVOPAK,Unknown,2026-02-19 08:12:00.874329
AEQUS,Unknown,2026-02-19 08:12:00.874329
AEROENTER,Unknown,2026-02-19 08:12:00.874329
AEROFLEX,Unknown,2026-02-19 08:12:00.874329
AERONEU,Unknown,2026-02-19 08:12:00.874329
AETHER,Unknown,2026-02-19 08:12:00.874329
AFCONS,Unknown,2026-02-19 08:12:00.874329
AFFLE,Unknown,2026-02-19 08:12:00.874329
AFFORDABLE,Automobile,2026-02-19 08:12:00.874329
AFIL,Unknown,2026-02-19 08:12:00.874329
AFSL,Unknown,2026-02-19 08:12:00.874329
AGARIND,Unknown,2026-02-19 08:12:00.874329
AGARWALEYE,Unknown,2026-02-19 08:12:00.874329
AGI,Unknown,2026-02-19 08:12:00.874329
AGIIL,Unknown,2026-02-19 08:12:00.874329
AGROPHOS,Unknown,2026-02-19 08:12:00.874329
AHCL,Unknown,2026-02-19 08:12:00.874329
AHLADA,Unknown,2026-02-19 08:12:00.874329
AHLEAST,Unknown,2026-02-19 08:12:00.874329
AHLUCONT,Unknown,2026-02-19 08:12:00.874329
AIAENG,Unknown,2026-02-19 08:12:00.874329
AIIL,Unknown,2026-02-19 08:12:00.874329
AIRAN,Unknown,2026-02-19 08:12:00.874329
AIROLAM,Unknown,2026-02-19 08:12:00.874329
AJAXENGG,Unknown,2026-02-19 08:12:00.874329
AJMERA,Unknown,2026-02-19 08:12:00.874329
AJOONI,IT,2026-02-19 08:12:00.874329
AKASH,Unknown,2026-02-19 08:12:00.874329
AKG,Unknown,2026-02-19 08:12:00.874329
AKI,Unknown,2026-02-19 08:12:00.874329
AKSHAR,Unknown,2026-02-19 08:12:00.874329
AKSHARCHEM,Unknown,2026-02-19 08:12:00.874329
AKSHOPTFBR,Unknown,2026-02-19 08:12:00.874329
AKUMS,Pharma,2026-02-19 08:12:00.874329
AKZOINDIA,Unknown,2026-02-19 08:12:00.874329
ALANKIT,Unknown,2026-02-19 08:12:00.874329
ALBERTDAVD,Unknown,2026-02-19 08:12:00.874329
ALEMBICLTD,Unknown,2026-02-19 08:12:00.874329
ALGOQUANT,IT,2026-02-19 08:12:00.874329
ALICON,Unknown,2026-02-19 08:12:00.874329
ALIVUS,Unknown,2026-02-19 08:12:00.874329
ALKALI,Metals,2026-02-19 08:12:00.874329
ALKYLAMINE,Unknown,2026-02-19 08:12:00.874329
ALLCARGO,Unknown,2026-02-19 08:12:00.874329
ALLDIGI,IT,2026-02-19 08:12:00.874329
ALLTIME,Unknown,2026-02-19 08:12:00.874329
ALMONDZ,Unknown,2026-02-19 08:12:00.874329
ALOKINDS,Unknown,2026-02-19 08:12:00.874329
ALPA,Unknown,2026-02-19 08:12:00.874329
ALPHAGEO,Unknown,2026-02-19 08:12:00.874329
AMAGI,Unknown,2026-02-19 08:12:00.874329
AMANTA,Unknown,2026-02-19 08:12:00.874329
AMBER,Unknown,2026-02-19 08:12:00.874329
AMBICAAGAR,Unknown,2026-02-19 08:12:00.874329
AMBIKCO,Unknown,2026-02-19 08:12:00.874329
AMBUJACEM,Cement,2026-02-19 08:12:00.874329
AMDIND,Unknown,2026-02-19 08:12:00.874329
AMJLAND,Unknown,2026-02-19 08:12:00.874329
AMNPLST,Unknown,2026-02-19 08:12:00.874329
AMRUTANJAN,Unknown,2026-02-19 08:12:00.874329
ANANDRATHI,Unknown,2026-02-19 08:12:00.874329
ANDHRAPAP,Unknown,2026-02-19 08:12:00.874329
ANDHRSUGAR,Unknown,2026-02-19 08:12:00.874329
ANGELONE,Unknown,2026-02-19 08:12:00.874329
ANIKINDS,Unknown,2026-02-19 08:12:00.874329
ANMOL,Unknown,2026-02-19 08:12:00.874329
ANTELOPUS,Energy,2026-02-19 08:12:00.874329
ANTGRAPHIC,Unknown,2026-02-19 08:12:00.874329
ANTHEM,Pharma,2026-02-19 08:12:00.874329
ANUHPHR,Pharma,2026-02-19 08:12:00.874329
ANUP,Unknown,2026-02-19 08:12:00.874329
ANURAS,Unknown,2026-02-19 08:12:00.874329
APARINDS,Unknown,2026-02-19 08:12:00.874329
APCL,Cement,2026-02-19 08:12:00.874329
APCOTEXIND,Unknown,2026-02-19 08:12:00.874329
APEX,Unknown,2026-02-19 08:12:00.874329
APLLTD,Pharma,2026-02-19 08:12:00.874329
APOLLO,Unknown,2026-02-19 08:12:00.874329
APOLLOHOSP,Unknown,2026-02-19 08:12:00.874329
APOLLOPIPE,Unknown,2026-02-19 08:12:00.874329
APOLLOTYRE,Unknown,2026-02-19 08:12:00.874329
APOLSINHOT,Unknown,2026-02-19 08:12:00.874329
APTECHT,IT,2026-02-19 08:12:00.874329
APTUS,Finance,2026-02-19 08:12:00.874329
ARCHIDPLY,Unknown,2026-02-19 08:12:00.874329
ARCHIES,Unknown,2026-02-19 08:12:00.874329
ARE&M,Energy,2026-02-19 08:12:00.874329
ARENTERP,Unknown,2026-02-19 08:12:00.874329
ARFIN,Unknown,2026-02-19 08:12:00.874329
ARIES,Unknown,2026-02-19 08:12:00.874329
ARIHANTCAP,Unknown,2026-02-19 08:12:00.874329
ARIHANTSUP,Unknown,2026-02-19 08:12:00.874329
ARIS,Unknown,2026-02-19 08:12:00.874329
ARKADE,Unknown,2026-02-19 08:12:00.874329
ARMANFIN,Unknown,2026-02-19 08:12:00.874329
AROGRANITE,Unknown,2026-02-19 08:12:00.874329
ARROWGREEN,IT,2026-02-19 08:12:00.874329
ARSSBL,Unknown,2026-02-19 08:12:00.874329
ARTEMISMED,Unknown,2026-02-19 08:12:00.874329
ARTNIRMAN,Unknown,2026-02-19 08:12:00.874329
ARVIND,Unknown,2026-02-19 08:12:00.874329
ARVINDFASN,Unknown,2026-02-19 08:12:00.874329
ARVSMART,Unknown,2026-02-19 08:12:00.874329
ASAHIINDIA,Unknown,2026-02-19 08:12:00.874329
ASAHISONG,Unknown,2026-02-19 08:12:00.874329
ASAL,Automobile,2026-02-19 08:12:00.874329
ASALCBR,Unknown,2026-02-19 08:12:00.874329
ASHAPURMIN,Unknown,2026-02-19 08:12:00.874329
ASHIANA,Unknown,2026-02-19 08:12:00.874329
ASHIMASYN,Unknown,2026-02-19 08:12:00.874329
ASHOKA,Unknown,2026-02-19 08:12:00.874329
ASHOKAMET,Unknown,2026-02-19 08:12:00.874329
ASIANENE,Energy,2026-02-19 08:12:00.874329
ASIANHOTNR,Unknown,2026-02-19 08:12:00.874329
ASIANPAINT,Unknown,2026-02-19 08:12:00.874329
ASIANTILES,Unknown,2026-02-19 08:12:00.874329
ASKAUTOLTD,Automobile,2026-02-19 08:12:00.874329
ASMS,Unknown,2026-02-19 08:12:00.874329
ASPINWALL,Unknown,2026-02-19 08:12:00.874329
ASTEC,Unknown,2026-02-19 08:12:00.874329
ASTERDM,Unknown,2026-02-19 08:12:00.874329
ASTRAL,Unknown,2026-02-19 08:12:00.874329
ASTRAMICRO,Unknown,2026-02-19 08:12:00.874329
ASTRAZEN,Pharma,2026-02-19 08:12:00.874329
ASTRON,Unknown,2026-02-19 08:12:00.874329
ATALREAL,IT,2026-02-19 08:12:00.874329
ATAM,Unknown,2026-02-19 08:12:00.874329
ATHERENERG,Energy,2026-02-19 08:12:00.874329
ATL,Unknown,2026-02-19 08:12:00.874329
ATLANTAA,Unknown,2026-02-19 08:12:00.874329
ATLANTAELE,Unknown,2026-02-19 08:12:00.874329
ATLASCYCLE,Unknown,2026-02-19 08:12:00.874329
ATUL,Unknown,2026-02-19 08:12:00.874329
ATULAUTO,Automobile,2026-02-19 08:12:00.874329
AURIONPRO,Unknown,2026-02-19 08:12:00.874329
AURUM,IT,2026-02-19 08:12:00.874329
AUTOAXLES,Automobile,2026-02-19 08:12:00.874329
AUTOIND,Automobile,2026-02-19 08:12:00.874329
AVADHSUGAR,Energy,2026-02-19 08:12:00.874329
AVALON,IT,2026-02-19 08:12:00.874329
AVANTEL,Unknown,2026-02-19 08:12:00.874329
AVANTIFEED,Unknown,2026-02-19 08:12:00.874329
AVG,Unknown,2026-02-19 08:12:00.874329
AVL,Unknown,2026-02-19 08:12:00.874329
AVONMORE,Unknown,2026-02-19 08:12:00.874329
AVTNPL,Unknown,2026-02-19 08:12:00.874329
AWFIS,Unknown,2026-02-19 08:12:00.874329
AWHCL,Unknown,2026-02-19 08:12:00.874329
AWL,Unknown,2026-02-19 08:12:00.874329
AXISCADES,IT,2026-02-19 08:12:00.874329
AYE,Finance,2026-02-19 08:12:00.874329
AYMSYNTEX,Unknown,2026-02-19 08:12:00.874329
AZAD,Unknown,2026-02-19 08:12:00.874329
BAGFILMS,Unknown,2026-02-19 08:12:00.874329
BAIDFIN,Unknown,2026-02-19 08:12:00.874329
BAJAJCON,Unknown,2026-02-19 08:12:00.874329
BAJAJELEC,Unknown,2026-02-19 08:12:00.874329
BAJAJFINSV,Unknown,2026-02-19 08:12:00.874329
BAJAJHCARE,Unknown,2026-02-19 08:12:00.874329
BAJAJHFL,Finance,2026-02-19 08:12:00.874329
BAJAJHIND,Unknown,2026-02-19 08:12:00.874329
BAJAJHLDNG,Unknown,2026-02-19 08:12:00.874329
BAJAJINDEF,Unknown,2026-02-19 08:12:00.874329
BAJEL,Unknown,2026-02-19 08:12:00.874329
BAJFINANCE,Finance,2026-02-19 08:12:00.874329
BALAJEE,Unknown,2026-02-19 08:12:00.874329
BALAJITELE,Unknown,2026-02-19 08:12:00.874329
BALAMINES,Unknown,2026-02-19 08:12:00.874329
BALAXI,Pharma,2026-02-19 08:12:00.874329
BALKRISHNA,Unknown,2026-02-19 08:12:00.874329
BALKRISIND,Unknown,2026-02-19 08:12:00.874329
BALMLAWRIE,Unknown,2026-02-19 08:12:00.874329
BALPHARMA,Pharma,2026-02-19 08:12:00.874329
BALRAMCHIN,Unknown,2026-02-19 08:12:00.874329
BALUFORGE,Unknown,2026-02-19 08:12:00.874329
BANARBEADS,Unknown,2026-02-19 08:12:00.874329
BANARISUG,Unknown,2026-02-19 08:12:00.874329
BANCOINDIA,Unknown,2026-02-19 08:12:00.874329
BANDHANBNK,Finance,2026-02-19 08:12:00.874329
BANG,Unknown,2026-02-19 08:12:00.874329
BANKA,Finance,2026-02-19 08:12:00.874329
BANKINDIA,Finance,2026-02-19 08:12:00.874329
BANSALWIRE,Unknown,2026-02-19 08:12:00.874329
BANSWRAS,Unknown,2026-02-19 08:12:00.874329
BASF,Unknown,2026-02-19 08:12:00.874329
BASML,Unknown,2026-02-19 08:12:00.874329
BATAINDIA,Unknown,2026-02-19 08:12:00.874329
BAYERCROP,Unknown,2026-02-19 08:12:00.874329
BBL,Unknown,2026-02-19 08:12:00.874329
BBOX,Unknown,2026-02-19 08:12:00.874329
BBTC,Unknown,2026-02-19 08:12:00.874329
BBTCL,Unknown,2026-02-19 08:12:00.874329
BCG,Unknown,2026-02-19 08:12:00.874329
BCLIND,Unknown,2026-02-19 08:12:00.874329
BCONCEPTS,Unknown,2026-02-19 08:12:00.874329
BDL,Unknown,2026-02-19 08:12:00.874329
BEARDSELL,Unknown,2026-02-19 08:12:00.874329
BECTORFOOD,Unknown,2026-02-19 08:12:00.874329
BEDMUTHA,Unknown,2026-02-19 08:12:00.874329
BEL,Unknown,2026-02-19 08:12:00.874329
BELLACASA,Unknown,2026-02-19 08:12:00.874329
BELRISE,Unknown,2026-02-19 08:12:00.874329
BEML,Unknown,2026-02-19 08:12:00.874329
BEPL,Unknown,2026-02-19 08:12:00.874329
BERGEPAINT,Unknown,2026-02-19 08:12:00.874329
BETA,Unknown,2026-02-19 08:12:00.874329
BFINVEST,Unknown,2026-02-19 08:12:00.874329
BGRENERGY,Energy,2026-02-19 08:12:00.874329
BHAGCHEM,Unknown,2026-02-19 08:12:00.874329
BHAGERIA,Unknown,2026-02-19 08:12:00.874329
BHANDARI,Unknown,2026-02-19 08:12:00.874329
BHARATCOAL,Unknown,2026-02-19 08:12:00.874329
BHARATGEAR,Unknown,2026-02-19 08:12:00.874329
BHARATRAS,Unknown,2026-02-19 08:12:00.874329
BHARATSE,Unknown,2026-02-19 08:12:00.874329
BHARATWIRE,Unknown,2026-02-19 08:12:00.874329
BHARTIARTL,Unknown,2026-02-19 08:12:00.874329
BHARTIHEXA,Unknown,2026-02-19 08:12:00.874329
BIGBLOC,Unknown,2026-02-19 08:12:00.874329
BIKAJI,Unknown,2026-02-19 08:12:00.874329
BIL,Unknown,2026-02-19 08:12:00.874329
BIOFILCHEM,Pharma,2026-02-19 08:12:00.874329
BIRLACABLE,Unknown,2026-02-19 08:12:00.874329
BIRLACORPN,Unknown,2026-02-19 08:12:00.874329
BIRLAMONEY,Unknown,2026-02-19 08:12:00.874329
BIRLANU,Unknown,2026-02-19 08:12:00.874329
BLACKBUCK,Unknown,2026-02-19 08:12:00.874329
BLAL,Unknown,2026-02-19 08:12:00.874329
BLBLIMITED,Unknown,2026-02-19 08:12:00.874329
BLISSGVS,Pharma,2026-02-19 08:12:00.874329
BLKASHYAP,Unknown,2026-02-19 08:12:00.874329
BLS,Unknown,2026-02-19 08:12:00.874329
BLSE,Unknown,2026-02-19 08:12:00.874329
BLUECHIP,Unknown,2026-02-19 08:12:00.874329
BLUECOAST,Unknown,2026-02-19 08:12:00.874329
BLUEDART,Unknown,2026-02-19 08:12:00.874329
BLUEJET,Unknown,2026-02-19 08:12:00.874329
BLUESTARCO,Unknown,2026-02-19 08:12:00.874329
BLUESTONE,Unknown,2026-02-19 08:12:00.874329
BLUSPRING,Unknown,2026-02-19 08:12:00.874329
BMWVENTLTD,Unknown,2026-02-19 08:12:00.874329
BODALCHEM,Unknown,2026-02-19 08:12:00.874329
BOMDYEING,Unknown,2026-02-19 08:12:00.874329
BOROLTD,Unknown,2026-02-19 08:12:00.874329
BORORENEW,Unknown,2026-02-19 08:12:00.874329
BOROSCI,Unknown,2026-02-19 08:12:00.874329
BOSCH-HCIL,Unknown,2026-02-19 08:12:00.874329
BPL,Unknown,2026-02-19 08:12:00.874329
BRIGHOTEL,Unknown,2026-02-19 08:12:00.874329
BRNL,Unknown,2026-02-19 08:12:00.874329
BROOKS,Unknown,2026-02-19 08:12:00.874329
BSE,Unknown,2026-02-19 08:12:00.874329
BSHSL,Unknown,2026-02-19 08:12:00.874329
BSL,Unknown,2026-02-19 08:12:00.874329
BSOFT,Unknown,2026-02-19 08:12:00.874329
BTML,Unknown,2026-02-19 08:12:00.874329
BUILDPRO,Unknown,2026-02-19 08:12:00.874329
BUTTERFLY,Unknown,2026-02-19 08:12:00.874329
BVCL,Cement,2026-02-19 08:12:00.874329
BYKE,Unknown,2026-02-19 08:12:00.874329
CALSOFT,IT,2026-02-19 08:12:00.874329
CAMLINFINE,Unknown,2026-02-19 08:12:00.874329
CAMPUS,Unknown,2026-02-19 08:12:00.874329
CAMS,Unknown,2026-02-19 08:12:00.874329
CANFINHOME,Unknown,2026-02-19 08:12:00.874329
CANHLIFE,Finance,2026-02-19 08:12:00.874329
CANTABIL,Unknown,2026-02-19 08:12:00.874329
CAPACITE,Unknown,2026-02-19 08:12:00.874329
CAPILLARY,IT,2026-02-19 08:12:00.874329
CAPITALSFB,Finance,2026-02-19 08:12:00.874329
CAPLIPOINT,Unknown,2026-02-19 08:12:00.874329
CAPTRUST,Unknown,2026-02-19 08:12:00.874329
CARBORUNIV,Unknown,2026-02-19 08:12:00.874329
CARERATING,Unknown,2026-02-19 08:12:00.874329
CARRARO,Unknown,2026-02-19 08:12:00.874329
CARTRADE,IT,2026-02-19 08:12:00.874329
CARYSIL,Unknown,2026-02-19 08:12:00.874329
CCAVENUE,Unknown,2026-02-19 08:12:00.874329
CCCL,Unknown,2026-02-19 08:12:00.874329
CCHHL,Unknown,2026-02-19 08:12:00.874329
CCL,Unknown,2026-02-19 08:12:00.874329
CDSL,Unknown,2026-02-19 08:12:00.874329
CEATLTD,Unknown,2026-02-19 08:12:00.874329
CEIGALL,Unknown,2026-02-19 08:12:00.874329
CEINSYS,IT,2026-02-19 08:12:00.874329
CELEBRITY,Unknown,2026-02-19 08:12:00.874329
CELLO,Unknown,2026-02-19 08:12:00.874329
CEMPRO,Unknown,2026-02-19 08:12:00.874329
CENTENKA,Unknown,2026-02-19 08:12:00.874329
CENTEXT,Unknown,2026-02-19 08:12:00.874329
CENTRALBK,Finance,2026-02-19 08:12:00.874329
CENTRUM,Unknown,2026-02-19 08:12:00.874329
CENTUM,Unknown,2026-02-19 08:12:00.874329
CENTURYPLY,Unknown,2026-02-19 08:12:00.874329
CERA,Unknown,2026-02-19 08:12:00.874329
CEWATER,Unknown,2026-02-19 08:12:00.874329
CGCL,Unknown,2026-02-19 08:12:00.874329
CHALET,Unknown,2026-02-19 08:12:00.874329
CHAMBLFERT,Unknown,2026-02-19 08:12:00.874329
CHEMBOND,IT,2026-02-19 08:12:00.874329
CHEMBONDCH,Unknown,2026-02-19 08:12:00.874329
CHEMCON,Unknown,2026-02-19 08:12:00.874329
CHEMFAB,Unknown,2026-02-19 08:12:00.874329
CHEMPLASTS,Unknown,2026-02-19 08:12:00.874329
CHENNPETRO,Unknown,2026-02-19 08:12:00.874329
CHEVIOT,Unknown,2026-02-19 08:12:00.874329
CHOICEIN,Unknown,2026-02-19 08:12:00.874329
CHOLAFIN,Finance,2026-02-19 08:12:00.874329
CHOLAHLDNG,Unknown,2026-02-19 08:12:00.874329
CIEINDIA,Automobile,2026-02-19 08:12:00.874329
CIFL,Finance,2026-02-19 08:12:00.874329
CIGNITITEC,IT,2026-02-19 08:12:00.874329
CINELINE,Unknown,2026-02-19 08:12:00.874329
CINEVISTA,Unknown,2026-02-19 08:12:00.874329
CLEAN,IT,2026-02-19 08:12:00.874329
CLEDUCATE,Unknown,2026-02-19 08:12:00.874329
CLSEL,Unknown,2026-02-19 08:12:00.874329
CMSINFO,Unknown,2026-02-19 08:12:00.874329
CNL,IT,2026-02-19 08:12:00.874329
COCHINSHIP,Unknown,2026-02-19 08:12:00.874329
COFFEEDAY,Unknown,2026-02-19 08:12:00.874329
COHANCE,Unknown,2026-02-19 08:12:00.874329
COMPUSOFT,IT,2026-02-19 08:12:00.874329
COMSYN,Unknown,2026-02-19 08:12:00.874329
CONCOR,Unknown,2026-02-19 08:12:00.874329
CONCORDBIO,IT,2026-02-19 08:12:00.874329
CONFIPET,Unknown,2026-02-19 08:12:00.874329
CONSOFINVT,Unknown,2026-02-19 08:12:00.874329
CONTROLPR,Unknown,2026-02-19 08:12:00.874329
CORALFINAC,Finance,2026-02-19 08:12:00.874329
CORDSCABLE,Unknown,2026-02-19 08:12:00.874329
COROMANDEL,Unknown,2026-02-19 08:12:00.874329
CORONA,Unknown,2026-02-19 08:12:00.874329
COSMOFIRST,Unknown,2026-02-19 08:12:00.874329
COUNCODOS,Unknown,2026-02-19 08:12:00.874329
CPCAP,Unknown,2026-02-19 08:12:00.874329
CPEDU,IT,2026-02-19 08:12:00.874329
CPPLUS,IT,2026-02-19 08:12:00.874329
CRAFTSMAN,Automobile,2026-02-19 08:12:00.874329
CRAMC,Unknown,2026-02-19 08:12:00.874329
CREATIVEYE,Unknown,2026-02-19 08:12:00.874329
CREDITACC,Unknown,2026-02-19 08:12:00.874329
CREST,Unknown,2026-02-19 08:12:00.874329
CRISIL,Unknown,2026-02-19 08:12:00.874329
CRIZAC,Unknown,2026-02-19 08:12:00.874329
CROMPTON,Unknown,2026-02-19 08:12:00.874329
CROWN,Unknown,2026-02-19 08:12:00.874329
CSBBANK,Finance,2026-02-19 08:12:00.874329
CSLFINANCE,Finance,2026-02-19 08:12:00.874329
CTE,IT,2026-02-19 08:12:00.874329
CUB,Finance,2026-02-19 08:12:00.874329
CUBEXTUB,Unknown,2026-02-19 08:12:00.874329
CUMMINSIND,Unknown,2026-02-19 08:12:00.874329
CUPID,Unknown,2026-02-19 08:12:00.874329
CYBERMEDIA,Unknown,2026-02-19 08:12:00.874329
CYBERTECH,IT,2026-02-19 08:12:00.874329
CYIENT,Unknown,2026-02-19 08:12:00.874329
CYIENTDLM,Unknown,2026-02-19 08:12:00.874329
DALBHARAT,Unknown,2026-02-19 08:12:00.874329
DALMIASUG,Unknown,2026-02-19 08:12:00.874329
DAMCAPITAL,Unknown,2026-02-19 08:12:00.874329
DAMODARIND,Unknown,2026-02-19 08:12:00.874329
DANGEE,Unknown,2026-02-19 08:12:00.874329
DATAMATICS,Unknown,2026-02-19 08:12:00.874329
DATAPATTNS,Unknown,2026-02-19 08:12:00.874329
DAVANGERE,Unknown,2026-02-19 08:12:00.874329
DBEIL,Unknown,2026-02-19 08:12:00.874329
DBL,Unknown,2026-02-19 08:12:00.874329
DBOL,Pharma,2026-02-19 08:12:00.874329
DBREALTY,Unknown,2026-02-19 08:12:00.874329
DBSTOCKBRO,Unknown,2026-02-19 08:12:00.874329
DCAL,Unknown,2026-02-19 08:12:00.874329
DCBBANK,Finance,2026-02-19 08:12:00.874329
DCI,IT,2026-02-19 08:12:00.874329
DCM,Unknown,2026-02-19 08:12:00.874329
DCMFINSERV,Unknown,2026-02-19 08:12:00.874329
DCMNVL,Unknown,2026-02-19 08:12:00.874329
DCMSHRIRAM,Unknown,2026-02-19 08:12:00.874329
DCMSRIND,Unknown,2026-02-19 08:12:00.874329
DCW,Unknown,2026-02-19 08:12:00.874329
DCXINDIA,Unknown,2026-02-19 08:12:00.874329
DDEVPLSTIK,Unknown,2026-02-19 08:12:00.874329
DECCANCE,Cement,2026-02-19 08:12:00.874329
DEEDEV,Unknown,2026-02-19 08:12:00.874329
DEEPAKFERT,Unknown,2026-02-19 08:12:00.874329
DEEPAKNTR,Unknown,2026-02-19 08:12:00.874329
DEEPINDS,Unknown,2026-02-19 08:12:00.874329
DELHIVERY,Unknown,2026-02-19 08:12:00.874329
DELPHIFX,Unknown,2026-02-19 08:12:00.874329
DELTACORP,Unknown,2026-02-19 08:12:00.874329
DELTAMAGNT,Unknown,2026-02-19 08:12:00.874329
DEN,Unknown,2026-02-19 08:12:00.874329
DENORA,Unknown,2026-02-19 08:12:00.874329
DENTA,Unknown,2026-02-19 08:12:00.874329
DEVIT,IT,2026-02-19 08:12:00.874329
DEVX,Unknown,2026-02-19 08:12:00.874329
DEVYANI,Unknown,2026-02-19 08:12:00.874329
DGCONTENT,Unknown,2026-02-19 08:12:00.874329
DHAMPURSUG,Unknown,2026-02-19 08:12:00.874329
DHANBANK,Finance,2026-02-19 08:12:00.874329
DHANUKA,IT,2026-02-19 08:12:00.874329
DHARMAJ,Unknown,2026-02-19 08:12:00.874329
DHRUV,Unknown,2026-02-19 08:12:00.874329
DHUNINV,Unknown,2026-02-19 08:12:00.874329
DIACABS,Energy,2026-02-19 08:12:00.874329
DIAMINESQ,Unknown,2026-02-19 08:12:00.874329
DIAMONDYD,Unknown,2026-02-19 08:12:00.874329
DICIND,Unknown,2026-02-19 08:12:00.874329
DIFFNKG,Unknown,2026-02-19 08:12:00.874329
DIGIDRIVE,Unknown,2026-02-19 08:12:00.874329
DIGISPICE,IT,2026-02-19 08:12:00.874329
DIGITIDE,Unknown,2026-02-19 08:12:00.874329
DIGJAMLMTD,Unknown,2026-02-19 08:12:00.874329
DISHTV,Unknown,2026-02-19 08:12:00.874329
DIVGIITTS,Unknown,2026-02-19 08:12:00.874329
DIXON,IT,2026-02-19 08:12:00.874329
DLINKINDIA,Unknown,2026-02-19 08:12:00.874329
DMART,Unknown,2026-02-19 08:12:00.874329
DMCC,Unknown,2026-02-19 08:12:00.874329
DNAMEDIA,Unknown,2026-02-19 08:12:00.874329
DODLA,Unknown,2026-02-19 08:12:00.874329
DOLATALGO,IT,2026-02-19 08:12:00.874329
DOLLAR,Unknown,2026-02-19 08:12:00.874329
DOLPHIN,Unknown,2026-02-19 08:12:00.874329
DOMS,Unknown,2026-02-19 08:12:00.874329
DONEAR,Unknown,2026-02-19 08:12:00.874329
DPABHUSHAN,Unknown,2026-02-19 08:12:00.874329
DPSCLTD,Unknown,2026-02-19 08:12:00.874329
DPWIRES,Unknown,2026-02-19 08:12:00.874329
DRCSYSTEMS,Unknown,2026-02-19 08:12:00.874329
DREAMFOLKS,Unknown,2026-02-19 08:12:00.874329
DREDGECORP,Unknown,2026-02-19 08:12:00.874329
DSSL,Unknown,2026-02-19 08:12:00.874329
DTIL,Unknown,2026-02-19 08:12:00.874329
DUCON,IT,2026-02-19 08:12:00.874329
DVL,Unknown,2026-02-19 08:12:00.874329
DWARKESH,Unknown,2026-02-19 08:12:00.874329
DYCL,Unknown,2026-02-19 08:12:00.874329
DYNAMATECH,IT,2026-02-19 08:12:00.874329
DYNPRO,Unknown,2026-02-19 08:12:00.874329
E2E,Unknown,2026-02-19 08:12:00.874329
EASEMYTRIP,Unknown,2026-02-19 08:12:00.874329
EBGNG,Unknown,2026-02-19 08:12:00.874329
ECLERX,Unknown,2026-02-19 08:12:00.874329
ECOSMOBLTY,Unknown,2026-02-19 08:12:00.874329
EDELWEISS,Unknown,2026-02-19 08:12:00.874329
EFCIL,Unknown,2026-02-19 08:12:00.874329
EIDPARRY,Unknown,2026-02-19 08:12:00.874329
EIEL,Unknown,2026-02-19 08:12:00.874329
EIFFL,Unknown,2026-02-19 08:12:00.874329
EIHAHOTELS,Unknown,2026-02-19 08:12:00.874329
EIHOTEL,Unknown,2026-02-19 08:12:00.874329
EIMCOELECO,Unknown,2026-02-19 08:12:00.874329
EKC,Unknown,2026-02-19 08:12:00.874329
ELDEHSG,Unknown,2026-02-19 08:12:00.874329
ELECON,Unknown,2026-02-19 08:12:00.874329
ELECTCAST,Metals,2026-02-19 08:12:00.874329
ELECTHERM,Unknown,2026-02-19 08:12:00.874329
ELGIEQUIP,Unknown,2026-02-19 08:12:00.874329
ELGIRUBCO,Unknown,2026-02-19 08:12:00.874329
ELIN,Unknown,2026-02-19 08:12:00.874329
ELLEN,Energy,2026-02-19 08:12:00.874329
EMAMIPAP,Unknown,2026-02-19 08:12:00.874329
EMAMIREAL,Unknown,2026-02-19 08:12:00.874329
EMCURE,Pharma,2026-02-19 08:12:00.874329
EMIL,Unknown,2026-02-19 08:12:00.874329
EMKAY,Unknown,2026-02-19 08:12:00.874329
EMMBI,Unknown,2026-02-19 08:12:00.874329
EMMVEE,Energy,2026-02-19 08:12:00.874329
EMSLIMITED,Unknown,2026-02-19 08:12:00.874329
EMUDHRA,Unknown,2026-02-19 08:12:00.874329
ENDURANCE,IT,2026-02-19 08:12:00.874329
ENGINERSIN,Unknown,2026-02-19 08:12:00.874329
ENIL,Unknown,2026-02-19 08:12:00.874329
ENTERO,Unknown,2026-02-19 08:12:00.874329
EPACK,Unknown,2026-02-19 08:12:00.874329
EPACKPEB,IT,2026-02-19 08:12:00.874329
EPIGRAL,Unknown,2026-02-19 08:12:00.874329
EPL,Unknown,2026-02-19 08:12:00.874329
EQUITASBNK,Finance,2026-02-19 08:12:00.874329
ERIS,Unknown,2026-02-19 08:12:00.874329
ESABINDIA,Unknown,2026-02-19 08:12:00.874329
ESAFSFB,Finance,2026-02-19 08:12:00.874329
ESCORTS,Unknown,2026-02-19 08:12:00.874329
ESSARSHPNG,Unknown,2026-02-19 08:12:00.874329
ESSENTIA,Unknown,2026-02-19 08:12:00.874329
ESTER,Unknown,2026-02-19 08:12:00.874329
ETERNAL,Unknown,2026-02-19 08:12:00.874329
ETHOSLTD,Unknown,2026-02-19 08:12:00.874329
EUREKAFORB,Unknown,2026-02-19 08:12:00.874329
EUROBOND,Unknown,2026-02-19 08:12:00.874329
EUROPRATIK,Unknown,2026-02-19 08:12:00.874329
EVEREADY,Unknown,2026-02-19 08:12:00.874329
EVERESTIND,Unknown,2026-02-19 08:12:00.874329
EXCEL,Unknown,2026-02-19 08:12:00.874329
EXCELINDUS,Unknown,2026-02-19 08:12:00.874329
EXCELSOFT,IT,2026-02-19 08:12:00.874329
EXICOM,Unknown,2026-02-19 08:12:00.874329
EXPLEOSOL,Unknown,2026-02-19 08:12:00.874329
FABTECH,IT,2026-02-19 08:12:00.874329
FACT,Unknown,2026-02-19 08:12:00.874329
FAIRCHEMOR,Unknown,2026-02-19 08:12:00.874329
FAZE3Q,Unknown,2026-02-19 08:12:00.874329
FCL,Unknown,2026-02-19 08:12:00.874329
FCSSOFT,IT,2026-02-19 08:12:00.874329
FDC,Unknown,2026-02-19 08:12:00.874329
FEDFINA,Finance,2026-02-19 08:12:00.874329
FIBERWEB,Unknown,2026-02-19 08:12:00.874329
FIEMIND,Unknown,2026-02-19 08:12:00.874329
FILATEX,Unknown,2026-02-19 08:12:00.874329
FILATFASH,Unknown,2026-02-19 08:12:00.874329
FINCABLES,Unknown,2026-02-19 08:12:00.874329
FINEORG,Unknown,2026-02-19 08:12:00.874329
FINKURVE,Unknown,2026-02-19 08:12:00.874329
FINOPB,Finance,2026-02-19 08:12:00.874329
FINPIPE,Unknown,2026-02-19 08:12:00.874329
FIRSTCRY,Unknown,2026-02-19 08:12:00.874329
FISCHER,Unknown,2026-02-19 08:12:00.874329
FIVESTAR,Finance,2026-02-19 08:12:00.874329
FLAIR,Unknown,2026-02-19 08:12:00.874329
FLEXITUFF,Unknown,2026-02-19 08:12:00.874329
FLUOROCHEM,Unknown,2026-02-19 08:12:00.874329
FMGOETZE,Unknown,2026-02-19 08:12:00.874329
FMNL,Unknown,2026-02-19 08:12:00.874329
FOCUS,Unknown,2026-02-19 08:12:00.874329
FOODSIN,Unknown,2026-02-19 08:12:00.874329
FORCEMOT,Unknown,2026-02-19 08:12:00.874329
FORTIS,Unknown,2026-02-19 08:12:00.874329
FOSECOIND,Unknown,2026-02-19 08:12:00.874329
FRACTAL,Unknown,2026-02-19 08:12:00.874329
FSL,Unknown,2026-02-19 08:12:00.874329
FUSION,Finance,2026-02-19 08:12:00.874329
GABRIEL,Unknown,2026-02-19 08:12:00.874329
GAEL,Unknown,2026-02-19 08:12:00.874329
GALAPREC,Unknown,2026-02-19 08:12:00.874329
GALAXYSURF,Unknown,2026-02-19 08:12:00.874329
GALLANTT,Unknown,2026-02-19 08:12:00.874329
GANDHAR,Energy,2026-02-19 08:12:00.874329
GANDHITUBE,Unknown,2026-02-19 08:12:00.874329
GANECOS,Unknown,2026-02-19 08:12:00.874329
GANESHBE,Unknown,2026-02-19 08:12:00.874329
GANESHCP,Unknown,2026-02-19 08:12:00.874329
GANESHHOU,Unknown,2026-02-19 08:12:00.874329
GANGAFORGE,Unknown,2026-02-19 08:12:00.874329
GANGESSECU,Unknown,2026-02-19 08:12:00.874329
GARFIBRES,IT,2026-02-19 08:12:00.874329
GARUDA,Unknown,2026-02-19 08:12:00.874329
GATECH,IT,2026-02-19 08:12:00.874329
GATECHDVR,IT,2026-02-19 08:12:00.874329
GATEWAY,Unknown,2026-02-19 08:12:00.874329
GAYAHWS,Unknown,2026-02-19 08:12:00.874329
GEECEE,Unknown,2026-02-19 08:12:00.874329
GEEKAYWIRE,Unknown,2026-02-19 08:12:00.874329
GEMAROMA,Unknown,2026-02-19 08:12:00.874329
GENCON,Unknown,2026-02-19 08:12:00.874329
GENESYS,Unknown,2026-02-19 08:12:00.874329
GENUSPAPER,Unknown,2026-02-19 08:12:00.874329
GEOJITFSL,Unknown,2026-02-19 08:12:00.874329
GESHIP,Unknown,2026-02-19 08:12:00.874329
GFLLIMITED,Unknown,2026-02-19 08:12:00.874329
GHCL,Unknown,2026-02-19 08:12:00.874329
GHCLTEXTIL,Unknown,2026-02-19 08:12:00.874329
GICHSGFIN,Finance,2026-02-19 08:12:00.874329
GICRE,Finance,2026-02-19 08:12:00.874329
GILLANDERS,Unknown,2026-02-19 08:12:00.874329
GILLETTE,Unknown,2026-02-19 08:12:00.874329
GINNIFILA,Unknown,2026-02-19 08:12:00.874329
GIPCL,Energy,2026-02-19 08:12:00.874329
GKENERGY,Energy,2026-02-19 08:12:00.874329
GKSL,Unknown,2026-02-19 08:12:00.874329
GKWLIMITED,Unknown,2026-02-19 08:12:00.874329
GLAXO,Pharma,2026-02-19 08:12:00.874329
GLFL,Unknown,2026-02-19 08:12:00.874329
GLOBALE,Unknown,2026-02-19 08:12:00.874329
GLOBALVECT,Unknown,2026-02-19 08:12:00.874329
GLOBE,Unknown,2026-02-19 08:12:00.874329
GLOBECIVIL,Unknown,2026-02-19 08:12:00.874329
GLOBUSSPR,Unknown,2026-02-19 08:12:00.874329
GLOSTERLTD,Unknown,2026-02-19 08:12:00.874329
GLOTTIS,Unknown,2026-02-19 08:12:00.874329
GMBREW,Unknown,2026-02-19 08:12:00.874329
GMDCLTD,Unknown,2026-02-19 08:12:00.874329
GMMPFAUDLR,Unknown,2026-02-19 08:12:00.874329
GMRAIRPORT,Unknown,2026-02-19 08:12:00.874329
GMRP&UI,Energy,2026-02-19 08:12:00.874329
GNA,Unknown,2026-02-19 08:12:00.874329
GNFC,Unknown,2026-02-19 08:12:00.874329
GOACARBON,Unknown,2026-02-19 08:12:00.874329
GOCLCORP,Unknown,2026-02-19 08:12:00.874329
GOCOLORS,Unknown,2026-02-19 08:12:00.874329
GODAVARIB,Pharma,2026-02-19 08:12:00.874329
GODFRYPHLP,Unknown,2026-02-19 08:12:00.874329
GODIGIT,Finance,2026-02-19 08:12:00.874329
GODREJAGRO,Unknown,2026-02-19 08:12:00.874329
GODREJIND,Unknown,2026-02-19 08:12:00.874329
GOKEX,Unknown,2026-02-19 08:12:00.874329
GOKUL,Energy,2026-02-19 08:12:00.874329
GOKULAGRO,Unknown,2026-02-19 08:12:00.874329
GOLDIAM,Unknown,2026-02-19 08:12:00.874329
GOLDTECH,IT,2026-02-19 08:12:00.874329
GOODLUCK,Unknown,2026-02-19 08:12:00.874329
GOPAL,Unknown,2026-02-19 08:12:00.874329
GPIL,Energy,2026-02-19 08:12:00.874329
GPPL,Unknown,2026-02-19 08:12:00.874329
GPTHEALTH,Unknown,2026-02-19 08:12:00.874329
GPTINFRA,Unknown,2026-02-19 08:12:00.874329
GRANULES,Unknown,2026-02-19 08:12:00.874329
GRAPHITE,Unknown,2026-02-19 08:12:00.874329
GRASIM,Unknown,2026-02-19 08:12:00.874329
GRAVITA,Unknown,2026-02-19 08:12:00.874329
GREAVESCOT,Unknown,2026-02-19 08:12:00.874329
GREENLAM,Unknown,2026-02-19 08:12:00.874329
GREENPANEL,Unknown,2026-02-19 08:12:00.874329
GREENPLY,Unknown,2026-02-19 08:12:00.874329
GREENPOWER,Energy,2026-02-19 08:12:00.874329
GRINDWELL,Unknown,2026-02-19 08:12:00.874329
GRINFRA,Unknown,2026-02-19 08:12:00.874329
GRMOVER,Unknown,2026-02-19 08:12:00.874329
GROBTEA,Unknown,2026-02-19 08:12:00.874329
GROWW,Unknown,2026-02-19 08:12:00.874329
GRPLTD,Unknown,2026-02-19 08:12:00.874329
GRSE,Unknown,2026-02-19 08:12:00.874329
GRWRHITECH,IT,2026-02-19 08:12:00.874329
GSFC,Unknown,2026-02-19 08:12:00.874329
GSS,IT,2026-02-19 08:12:00.874329
GTECJAINX,Unknown,2026-02-19 08:12:00.874329
GTL,Unknown,2026-02-19 08:12:00.874329
GTLINFRA,Unknown,2026-02-19 08:12:00.874329
GTPL,Unknown,2026-02-19 08:12:00.874329
GUFICBIO,Pharma,2026-02-19 08:12:00.874329
GUJALKALI,Unknown,2026-02-19 08:12:00.874329
GUJAPOLLO,Unknown,2026-02-19 08:12:00.874329
GUJTHEM,Pharma,2026-02-19 08:12:00.874329
GULFOILLUB,Energy,2026-02-19 08:12:00.874329
GULFPETRO,Unknown,2026-02-19 08:12:00.874329
GULPOLY,Unknown,2026-02-19 08:12:00.874329
GVPIL,Energy,2026-02-19 08:12:00.874329
GVPTECH,IT,2026-02-19 08:12:00.874329
HAL,Unknown,2026-02-19 08:12:00.874329
HAPPSTMNDS,IT,2026-02-19 08:12:00.874329
HAPPYFORGE,Unknown,2026-02-19 08:12:00.874329
HARIOMPIPE,Unknown,2026-02-19 08:12:00.874329
HARRMALAYA,Unknown,2026-02-19 08:12:00.874329
HARSHA,Unknown,2026-02-19 08:12:00.874329
HATSUN,Unknown,2026-02-19 08:12:00.874329
HAVELLS,Unknown,2026-02-19 08:12:00.874329
HAVISHA,Unknown,2026-02-19 08:12:00.874329
HBLENGINE,Unknown,2026-02-19 08:12:00.874329
HCC,Unknown,2026-02-19 08:12:00.874329
HCG,Unknown,2026-02-19 08:12:00.874329
HCL-INSYS,Unknown,2026-02-19 08:12:00.874329
HDBFS,Unknown,2026-02-19 08:12:00.874329
HDFCAMC,Unknown,2026-02-19 08:12:00.874329
HDFCLIFE,Finance,2026-02-19 08:12:00.874329
HEADSUP,Unknown,2026-02-19 08:12:00.874329
HECPROJECT,Unknown,2026-02-19 08:12:00.874329
HEG,Unknown,2026-02-19 08:12:00.874329
HEIDELBERG,Cement,2026-02-19 08:12:00.874329
HEMIPROP,Unknown,2026-02-19 08:12:00.874329
HERANBA,Unknown,2026-02-19 08:12:00.874329
HERITGFOOD,Unknown,2026-02-19 08:12:00.874329
HESTERBIO,Pharma,2026-02-19 08:12:00.874329
HEXATRADEX,Unknown,2026-02-19 08:12:00.874329
HEXT,IT,2026-02-19 08:12:00.874329
HFCL,Unknown,2026-02-19 08:12:00.874329
HGINFRA,Unknown,2026-02-19 08:12:00.874329
HGM,Unknown,2026-02-19 08:12:00.874329
HGS,Unknown,2026-02-19 08:12:00.874329
HIKAL,Unknown,2026-02-19 08:12:00.874329
HILINFRA,Unknown,2026-02-19 08:12:00.874329
HILTON,Metals,2026-02-19 08:12:00.874329
HIMATSEIDE,Unknown,2026-02-19 08:12:00.874329
HINDCOMPOS,Unknown,2026-02-19 08:12:00.874329
HINDCON,Unknown,2026-02-19 08:12:00.874329
HINDOILEXP,Energy,2026-02-19 08:12:00.874329
HINDWAREAP,Unknown,2026-02-19 08:12:00.874329
HIRECT,Unknown,2026-02-19 08:12:00.874329
HISARMETAL,Metals,2026-02-19 08:12:00.874329
HITECH,IT,2026-02-19 08:12:00.874329
HITECHCORP,IT,2026-02-19 08:12:00.874329
HLEGLAS,Unknown,2026-02-19 08:12:00.874329
HLVLTD,Unknown,2026-02-19 08:12:00.874329
HMAAGRO,Unknown,2026-02-19 08:12:00.874329
HMVL,Unknown,2026-02-19 08:12:00.874329
HNDFDS,Unknown,2026-02-19 08:12:00.874329
HOMEFIRST,Finance,2026-02-19 08:12:00.874329
HONASA,Unknown,2026-02-19 08:12:00.874329
HONAUT,Automobile,2026-02-19 08:12:00.874329
HONDAPOWER,Energy,2026-02-19 08:12:00.874329
HPAL,Unknown,2026-02-19 08:12:00.874329
HPIL,Unknown,2026-02-19 08:12:00.874329
HPL,Energy,2026-02-19 08:12:00.874329
HSCL,Unknown,2026-02-19 08:12:00.874329
HTMEDIA,Unknown,2026-02-19 08:12:00.874329
HUBTOWN,Unknown,2026-02-19 08:12:00.874329
HUDCO,Unknown,2026-02-19 08:12:00.874329
HUHTAMAKI,Unknown,2026-02-19 08:12:00.874329
HYBRIDFIN,Unknown,2026-02-19 08:12:00.874329
HYUNDAI,Unknown,2026-02-19 08:12:00.874329
IBULLSLTD,Unknown,2026-02-19 08:12:00.874329
ICDSLTD,Unknown,2026-02-19 08:12:00.874329
ICEMAKE,Unknown,2026-02-19 08:12:00.874329
ICICIAMC,Unknown,2026-02-19 08:12:00.874329
ICICIGI,Finance,2026-02-19 08:12:00.874329
ICICIPRULI,Finance,2026-02-19 08:12:00.874329
ICIL,Unknown,2026-02-19 08:12:00.874329
ICRA,Unknown,2026-02-19 08:12:00.874329
IDBI,Finance,2026-02-19 08:12:00.874329
IDEA,Unknown,2026-02-19 08:12:00.874329
IDEAFORGE,IT,2026-02-19 08:12:00.874329
IEX,Energy,2026-02-19 08:12:00.874329
IFBAGRO,Unknown,2026-02-19 08:12:00.874329
IFBIND,Unknown,2026-02-19 08:12:00.874329
IFCI,Unknown,2026-02-19 08:12:00.874329
IFGLEXPOR,Unknown,2026-02-19 08:12:00.874329
IGARASHI,Unknown,2026-02-19 08:12:00.874329
IGCL,Unknown,2026-02-19 08:12:00.874329
IGIL,Unknown,2026-02-19 08:12:00.874329
IGPL,Unknown,2026-02-19 08:12:00.874329
IIFL,Finance,2026-02-19 08:12:00.874329
IIFLCAPS,Unknown,2026-02-19 08:12:00.874329
IITL,Unknown,2026-02-19 08:12:00.874329
IKIO,IT,2026-02-19 08:12:00.874329
IKS,Unknown,2026-02-19 08:12:00.874329
IMAGICAA,Unknown,2026-02-19 08:12:00.874329
IMFA,Metals,2026-02-19 08:12:00.874329
IMPAL,Unknown,2026-02-19 08:12:00.874329
INCREDIBLE,Unknown,2026-02-19 08:12:00.874329
INDBANK,Finance,2026-02-19 08:12:00.874329
INDGN,Unknown,2026-02-19 08:12:00.874329
INDHOTEL,Unknown,2026-02-19 08:12:00.874329
INDIACEM,Cement,2026-02-19 08:12:00.874329
INDIAGLYCO,Unknown,2026-02-19 08:12:00.874329
INDIAMART,Unknown,2026-02-19 08:12:00.874329
INDIANB,Finance,2026-02-19 08:12:00.874329
INDIANCARD,Unknown,2026-02-19 08:12:00.874329
INDIANHUME,Unknown,2026-02-19 08:12:00.874329
INDIASHLTR,Finance,2026-02-19 08:12:00.874329
INDIGO,Unknown,2026-02-19 08:12:00.874329
INDIGOPNTS,Unknown,2026-02-19 08:12:00.874329
INDIQUBE,Unknown,2026-02-19 08:12:00.874329
INDNIPPON,Unknown,2026-02-19 08:12:00.874329
INDOAMIN,Unknown,2026-02-19 08:12:00.874329
INDOBORAX,Unknown,2026-02-19 08:12:00.874329
INDOCO,Unknown,2026-02-19 08:12:00.874329
INDOFARM,Unknown,2026-02-19 08:12:00.874329
INDORAMA,Unknown,2026-02-19 08:12:00.874329
INDOSTAR,Finance,2026-02-19 08:12:00.874329
INDOTECH,IT,2026-02-19 08:12:00.874329
INDOTHAI,Unknown,2026-02-19 08:12:00.874329
INDOUS,IT,2026-02-19 08:12:00.874329
INDOWIND,Energy,2026-02-19 08:12:00.874329
INDRAMEDCO,Unknown,2026-02-19 08:12:00.874329
INDSWFTLAB,Unknown,2026-02-19 08:12:00.874329
INDTERRAIN,Unknown,2026-02-19 08:12:00.874329
INDUSTOWER,Unknown,2026-02-19 08:12:00.874329
INFOBEAN,IT,2026-02-19 08:12:00.874329
INFOMEDIA,Unknown,2026-02-19 08:12:00.874329
INGERRAND,Unknown,2026-02-19 08:12:00.874329
INNOVACAP,Unknown,2026-02-19 08:12:00.874329
INNOVANA,Unknown,2026-02-19 08:12:00.874329
INOXGREEN,Energy,2026-02-19 08:12:00.874329
INOXINDIA,Unknown,2026-02-19 08:12:00.874329
INSECTICID,Unknown,2026-02-19 08:12:00.874329
INSPIRISYS,Unknown,2026-02-19 08:12:00.874329
INTELLECT,Unknown,2026-02-19 08:12:00.874329
INTENTECH,IT,2026-02-19 08:12:00.874329
INTERARCH,Unknown,2026-02-19 08:12:00.874329
INTLCONV,Unknown,2026-02-19 08:12:00.874329
INVENTURE,Unknown,2026-02-19 08:12:00.874329
IOB,Finance,2026-02-19 08:12:00.874329
IOLCP,Pharma,2026-02-19 08:12:00.874329
IONEXCHANG,Unknown,2026-02-19 08:12:00.874329
IPL,Unknown,2026-02-19 08:12:00.874329
IRB,Unknown,2026-02-19 08:12:00.874329
IRCON,Unknown,2026-02-19 08:12:00.874329
IRCTC,Unknown,2026-02-19 08:12:00.874329
IREDA,Energy,2026-02-19 08:12:00.874329
IRFC,Finance,2026-02-19 08:12:00.874329
IRIS,IT,2026-02-19 08:12:00.874329
IRISDOREME,Unknown,2026-02-19 08:12:00.874329
IRMENERGY,Energy,2026-02-19 08:12:00.874329
ISFT,IT,2026-02-19 08:12:00.874329
ISGEC,Unknown,2026-02-19 08:12:00.874329
ISHANCH,Unknown,2026-02-19 08:12:00.874329
ITCHOTELS,Unknown,2026-02-19 08:12:00.874329
ITDC,Unknown,2026-02-19 08:12:00.874329
ITI,Unknown,2026-02-19 08:12:00.874329
IVALUE,Unknown,2026-02-19 08:12:00.874329
IVC,Unknown,2026-02-19 08:12:00.874329
IVP,Unknown,2026-02-19 08:12:00.874329
IXIGO,IT,2026-02-19 08:12:00.874329
IZMO,Unknown,2026-02-19 08:12:00.874329
J&KBANK,Finance,2026-02-19 08:12:00.874329
JAGRAN,Unknown,2026-02-19 08:12:00.874329
JAGSNPHARM,Pharma,2026-02-19 08:12:00.874329
JAIBALAJI,Unknown,2026-02-19 08:12:00.874329
JAICORPLTD,Unknown,2026-02-19 08:12:00.874329
JAINREC,Unknown,2026-02-19 08:12:00.874329
JAIPURKURT,Unknown,2026-02-19 08:12:00.874329
JAMNAAUTO,Automobile,2026-02-19 08:12:00.874329
JARO,IT,2026-02-19 08:12:00.874329
JASH,Unknown,2026-02-19 08:12:00.874329
JAYAGROGN,Unknown,2026-02-19 08:12:00.874329
JAYBARMARU,Unknown,2026-02-19 08:12:00.874329
JAYKAY,Unknown,2026-02-19 08:12:00.874329
JAYNECOIND,Unknown,2026-02-19 08:12:00.874329
JAYSREETEA,Unknown,2026-02-19 08:12:00.874329
JBMA,Automobile,2026-02-19 08:12:00.874329
JGCHEM,Unknown,2026-02-19 08:12:00.874329
JHS,Unknown,2026-02-19 08:12:00.874329
JINDALPHOT,Unknown,2026-02-19 08:12:00.874329
JINDALPOLY,Unknown,2026-02-19 08:12:00.874329
JINDALSAW,Unknown,2026-02-19 08:12:00.874329
JINDRILL,Unknown,2026-02-19 08:12:00.874329
JINDWORLD,Unknown,2026-02-19 08:12:00.874329
JIOFIN,Unknown,2026-02-19 08:12:00.874329
JISLDVREQS,Unknown,2026-02-19 08:12:00.874329
JISLJALEQS,Unknown,2026-02-19 08:12:00.874329
JITFINFRA,Unknown,2026-02-19 08:12:00.874329
JKCEMENT,Cement,2026-02-19 08:12:00.874329
JKIL,Unknown,2026-02-19 08:12:00.874329
JKIPL,Unknown,2026-02-19 08:12:00.874329
JKLAKSHMI,Cement,2026-02-19 08:12:00.874329
JKPAPER,Unknown,2026-02-19 08:12:00.874329
JKTYRE,Unknown,2026-02-19 08:12:00.874329
JLHL,Unknown,2026-02-19 08:12:00.874329
JMA,Unknown,2026-02-19 08:12:00.874329
JMFINANCIL,Unknown,2026-02-19 08:12:00.874329
JNKINDIA,Unknown,2026-02-19 08:12:00.874329
JOCIL,Unknown,2026-02-19 08:12:00.874329
JPOLYINVST,Finance,2026-02-19 08:12:00.874329
JSFB,Finance,2026-02-19 08:12:00.874329
JSLL,Unknown,2026-02-19 08:12:00.874329
JSWCEMENT,Cement,2026-02-19 08:12:00.874329
JSWHL,Unknown,2026-02-19 08:12:00.874329
JSWINFRA,Unknown,2026-02-19 08:12:00.874329
JTEKTINDIA,Unknown,2026-02-19 08:12:00.874329
JTLIND,Unknown,2026-02-19 08:12:00.874329
JUBLCPL,Unknown,2026-02-19 08:12:00.874329
JUBLFOOD,Unknown,2026-02-19 08:12:00.874329
JUBLINGREA,Unknown,2026-02-19 08:12:00.874329
JUBLPHARMA,Unknown,2026-02-19 08:12:00.874329
JUNIPER,Unknown,2026-02-19 08:12:00.874329
JUSTDIAL,Unknown,2026-02-19 08:12:00.874329
JWL,Unknown,2026-02-19 08:12:00.874329
JYOTHYLAB,Unknown,2026-02-19 08:12:00.874329
JYOTICNC,Automobile,2026-02-19 08:12:00.874329
JYOTISTRUC,Unknown,2026-02-19 08:12:00.874329
KABRAEXTRU,IT,2026-02-19 08:12:00.874329
KAJARIACER,Unknown,2026-02-19 08:12:00.874329
KAKATCEM,Cement,2026-02-19 08:12:00.874329
KALAMANDIR,Unknown,2026-02-19 08:12:00.874329
KALPATARU,Unknown,2026-02-19 08:12:00.874329
KALYANIFRG,Unknown,2026-02-19 08:12:00.874329
KALYANKJIL,Unknown,2026-02-19 08:12:00.874329
KAMATHOTEL,Unknown,2026-02-19 08:12:00.874329
KAMDHENU,Unknown,2026-02-19 08:12:00.874329
KAMOPAINTS,Unknown,2026-02-19 08:12:00.874329
KANANIIND,Unknown,2026-02-19 08:12:00.874329
KANORICHEM,Unknown,2026-02-19 08:12:00.874329
KANPRPLA,Unknown,2026-02-19 08:12:00.874329
KANSAINER,Unknown,2026-02-19 08:12:00.874329
KARMAENG,Energy,2026-02-19 08:12:00.874329
KARURVYSYA,Finance,2026-02-19 08:12:00.874329
KAUSHALYA,Unknown,2026-02-19 08:12:00.874329
KAVDEFENCE,IT,2026-02-19 08:12:00.874329
KAYA,Unknown,2026-02-19 08:12:00.874329
KAYNES,IT,2026-02-19 08:12:00.874329
KCP,Unknown,2026-02-19 08:12:00.874329
KCPSUGIND,Unknown,2026-02-19 08:12:00.874329
KDDL,Unknown,2026-02-19 08:12:00.874329
KEC,Unknown,2026-02-19 08:12:00.874329
KECL,Unknown,2026-02-19 08:12:00.874329
KEEPLEARN,Unknown,2026-02-19 08:12:00.874329
KEI,Unknown,2026-02-19 08:12:00.874329
KELLTONTEC,IT,2026-02-19 08:12:00.874329
KERNEX,Unknown,2026-02-19 08:12:00.874329
KEYFINSERV,Unknown,2026-02-19 08:12:00.874329
KFINTECH,IT,2026-02-19 08:12:00.874329
KHADIM,Unknown,2026-02-19 08:12:00.874329
KHAICHEM,Unknown,2026-02-19 08:12:00.874329
KHAITANLTD,Unknown,2026-02-19 08:12:00.874329
KHANDSE,Unknown,2026-02-19 08:12:00.874329
KICL,Unknown,2026-02-19 08:12:00.874329
KILITCH,Unknown,2026-02-19 08:12:00.874329
KIMS,Unknown,2026-02-19 08:12:00.874329
KINGFA,IT,2026-02-19 08:12:00.874329
KIOCL,Unknown,2026-02-19 08:12:00.874329
KIRIINDUS,Unknown,2026-02-19 08:12:00.874329
KIRLOSBROS,Unknown,2026-02-19 08:12:00.874329
KIRLOSENG,Energy,2026-02-19 08:12:00.874329
KIRLOSIND,Unknown,2026-02-19 08:12:00.874329
KIRLPNU,Unknown,2026-02-19 08:12:00.874329
KITEX,Unknown,2026-02-19 08:12:00.874329
KKCL,Unknown,2026-02-19 08:12:00.874329
KMEW,Unknown,2026-02-19 08:12:00.874329
KMSUGAR,Unknown,2026-02-19 08:12:00.874329
KNAGRI,Unknown,2026-02-19 08:12:00.874329
KNRCON,Unknown,2026-02-19 08:12:00.874329
KOHINOOR,Unknown,2026-02-19 08:12:00.874329
KOKUYOCMLN,Unknown,2026-02-19 08:12:00.874329
KOLTEPATIL,Unknown,2026-02-19 08:12:00.874329
KOPRAN,Unknown,2026-02-19 08:12:00.874329
KOTARISUG,Unknown,2026-02-19 08:12:00.874329
KOTHARIPET,Unknown,2026-02-19 08:12:00.874329
KOTHARIPRO,Unknown,2026-02-19 08:12:00.874329
KPEL,Energy,2026-02-19 08:12:00.874329
KPIGREEN,Energy,2026-02-19 08:12:00.874329
KPIL,Unknown,2026-02-19 08:12:00.874329
KPITTECH,IT,2026-02-19 08:12:00.874329
KPRMILL,Unknown,2026-02-19 08:12:00.874329
KRBL,Unknown,2026-02-19 08:12:00.874329
KREBSBIO,Pharma,2026-02-19 08:12:00.874329
KRIDHANINF,Unknown,2026-02-19 08:12:00.874329
KRISHANA,Unknown,2026-02-19 08:12:00.874329
KRISHIVAL,Unknown,2026-02-19 08:12:00.874329
KRISHNADEF,Unknown,2026-02-19 08:12:00.874329
KRITI,Unknown,2026-02-19 08:12:00.874329
KRITIKA,Unknown,2026-02-19 08:12:00.874329
KRITINUT,Unknown,2026-02-19 08:12:00.874329
KRN,Unknown,2026-02-19 08:12:00.874329
KRONOX,Unknown,2026-02-19 08:12:00.874329
KROSS,Unknown,2026-02-19 08:12:00.874329
KRSNAA,Unknown,2026-02-19 08:12:00.874329
KRYSTAL,Unknown,2026-02-19 08:12:00.874329
KSB,Unknown,2026-02-19 08:12:00.874329
KSCL,Unknown,2026-02-19 08:12:00.874329
KSHINTL,Unknown,2026-02-19 08:12:00.874329
KSHITIJPOL,Unknown,2026-02-19 08:12:00.874329
KSL,Metals,2026-02-19 08:12:00.874329
KSOLVES,Unknown,2026-02-19 08:12:00.874329
KTKBANK,Finance,2026-02-19 08:12:00.874329
KUANTUM,Unknown,2026-02-19 08:12:00.874329
LAGNAM,Unknown,2026-02-19 08:12:00.874329
LAL,Unknown,2026-02-19 08:12:00.874329
LALPATHLAB,Unknown,2026-02-19 08:12:00.874329
LAMBODHARA,Unknown,2026-02-19 08:12:00.874329
LANDMARK,Unknown,2026-02-19 08:12:00.874329
LAOPALA,Unknown,2026-02-19 08:12:00.874329
LASA,Unknown,2026-02-19 08:12:00.874329
LATENTVIEW,Unknown,2026-02-19 08:12:00.874329
LATTEYS,Unknown,2026-02-19 08:12:00.874329
LAXMIDENTL,Unknown,2026-02-19 08:12:00.874329
LAXMIINDIA,Finance,2026-02-19 08:12:00.874329
LEMERITE,Unknown,2026-02-19 08:12:00.874329
LEMONTREE,Unknown,2026-02-19 08:12:00.874329
LENSKART,Unknown,2026-02-19 08:12:00.874329
LEXUS,Unknown,2026-02-19 08:12:00.874329
LFIC,Finance,2026-02-19 08:12:00.874329
LGBBROSLTD,Unknown,2026-02-19 08:12:00.874329
LGEINDIA,Unknown,2026-02-19 08:12:00.874329
LGHL,Unknown,2026-02-19 08:12:00.874329
LIBAS,Unknown,2026-02-19 08:12:00.874329
LIBERTSHOE,Unknown,2026-02-19 08:12:00.874329
LICHSGFIN,Finance,2026-02-19 08:12:00.874329
LICI,Finance,2026-02-19 08:12:00.874329
LIKHITHA,Unknown,2026-02-19 08:12:00.874329
LINC,Unknown,2026-02-19 08:12:00.874329
LINCOLN,Pharma,2026-02-19 08:12:00.874329
LINDEINDIA,Unknown,2026-02-19 08:12:00.874329
LLOYDSENGG,Unknown,2026-02-19 08:12:00.874329
LLOYDSENT,Unknown,2026-02-19 08:12:00.874329
LMW,Unknown,2026-02-19 08:12:00.874329
LOKESHMACH,Unknown,2026-02-19 08:12:00.874329
LORDSCHLO,Unknown,2026-02-19 08:12:00.874329
LOTUSDEV,Unknown,2026-02-19 08:12:00.874329
LOTUSEYE,Unknown,2026-02-19 08:12:00.874329
LOVABLE,Unknown,2026-02-19 08:12:00.874329
LPDC,Unknown,2026-02-19 08:12:00.874329
LT,Unknown,2026-02-19 08:12:00.874329
LTF,Finance,2026-02-19 08:12:00.874329
LTFOODS,Unknown,2026-02-19 08:12:00.874329
LTTS,IT,2026-02-19 08:12:00.874329
LUMAXIND,Unknown,2026-02-19 08:12:00.874329
LUMAXTECH,IT,2026-02-19 08:12:00.874329
LUXIND,Unknown,2026-02-19 08:12:00.874329
LXCHEM,Unknown,2026-02-19 08:12:00.874329
LYKALABS,Unknown,2026-02-19 08:12:00.874329
LYPSAGEMS,Unknown,2026-02-19 08:12:00.874329
M&MFIN,Unknown,2026-02-19 08:12:00.874329
MACPOWER,Energy,2026-02-19 08:12:00.874329
MADHAV,Unknown,2026-02-19 08:12:00.874329
MADHUCON,Unknown,2026-02-19 08:12:00.874329
MADRASFERT,Unknown,2026-02-19 08:12:00.874329
MAGADSUGAR,Energy,2026-02-19 08:12:00.874329
MAGNUM,Unknown,2026-02-19 08:12:00.874329
MAHABANK,Finance,2026-02-19 08:12:00.874329
MAHAPEXLTD,Unknown,2026-02-19 08:12:00.874329
MAHEPC,Unknown,2026-02-19 08:12:00.874329
MAHESHWARI,Unknown,2026-02-19 08:12:00.874329
MAHLIFE,Unknown,2026-02-19 08:12:00.874329
MAHLOG,Unknown,2026-02-19 08:12:00.874329
MAHSCOOTER,Unknown,2026-02-19 08:12:00.874329
MAHSEAMLES,Unknown,2026-02-19 08:12:00.874329
MAITHANALL,Unknown,2026-02-19 08:12:00.874329
MALLCOM,Unknown,2026-02-19 08:12:00.874329
MALUPAPER,Unknown,2026-02-19 08:12:00.874329
MAMATA,Unknown,2026-02-19 08:12:00.874329
MANAKCOAT,Metals,2026-02-19 08:12:00.874329
MANAKSIA,Unknown,2026-02-19 08:12:00.874329
MANAKSTEEL,Metals,2026-02-19 08:12:00.874329
MANALIPETC,Unknown,2026-02-19 08:12:00.874329
MANAPPURAM,Finance,2026-02-19 08:12:00.874329
MANBA,Finance,2026-02-19 08:12:00.874329
MANCREDIT,Unknown,2026-02-19 08:12:00.874329
MANGLMCEM,Cement,2026-02-19 08:12:00.874329
MANINDS,Unknown,2026-02-19 08:12:00.874329
MANINFRA,Unknown,2026-02-19 08:12:00.874329
MANORAMA,Unknown,2026-02-19 08:12:00.874329
MANORG,Unknown,2026-02-19 08:12:00.874329
MANUGRAPH,Unknown,2026-02-19 08:12:00.874329
MANYAVAR,Unknown,2026-02-19 08:12:00.874329
MAPMYINDIA,Unknown,2026-02-19 08:12:00.874329
MARALOVER,Unknown,2026-02-19 08:12:00.874329
MARATHON,Unknown,2026-02-19 08:12:00.874329
MARINE,Unknown,2026-02-19 08:12:00.874329
MARKOLINES,IT,2026-02-19 08:12:00.874329
MARKSANS,Pharma,2026-02-19 08:12:00.874329
MASFIN,Unknown,2026-02-19 08:12:00.874329
MASKINVEST,Unknown,2026-02-19 08:12:00.874329
MASTEK,Unknown,2026-02-19 08:12:00.874329
MASTERTR,Unknown,2026-02-19 08:12:00.874329
MATRIMONY,Unknown,2026-02-19 08:12:00.874329
MAWANASUG,Unknown,2026-02-19 08:12:00.874329
MAXESTATES,Unknown,2026-02-19 08:12:00.874329
MAXHEALTH,Unknown,2026-02-19 08:12:00.874329
MAXIND,Unknown,2026-02-19 08:12:00.874329
MAYURUNIQ,Unknown,2026-02-19 08:12:00.874329
MAZDA,Unknown,2026-02-19 08:12:00.874329
MAZDOCK,Unknown,2026-02-19 08:12:00.874329
MBAPL,Unknown,2026-02-19 08:12:00.874329
MBEL,Unknown,2026-02-19 08:12:00.874329
MBLINFRA,Unknown,2026-02-19 08:12:00.874329
MCLEODRUSS,Unknown,2026-02-19 08:12:00.874329
MCLOUD,Unknown,2026-02-19 08:12:00.874329
MCX,Unknown,2026-02-19 08:12:00.874329
MEDANTA,Unknown,2026-02-19 08:12:00.874329
MEDIASSIST,Unknown,2026-02-19 08:12:00.874329
MEDICAMEQ,IT,2026-02-19 08:12:00.874329
MEDICO,Unknown,2026-02-19 08:12:00.874329
MEDPLUS,Unknown,2026-02-19 08:12:00.874329
MEESHO,Unknown,2026-02-19 08:12:00.874329
MEIL,Unknown,2026-02-19 08:12:00.874329
MENONBE,Unknown,2026-02-19 08:12:00.874329
METROBRAND,Unknown,2026-02-19 08:12:00.874329
METROPOLIS,Unknown,2026-02-19 08:12:00.874329
MFML,Unknown,2026-02-19 08:12:00.874329
MFSL,Unknown,2026-02-19 08:12:00.874329
MGEL,Unknown,2026-02-19 08:12:00.874329
MHLXMIRU,IT,2026-02-19 08:12:00.874329
MHRIL,Unknown,2026-02-19 08:12:00.874329
MICEL,Unknown,2026-02-19 08:12:00.874329
MIDHANI,Unknown,2026-02-19 08:12:00.874329
MIDWESTLTD,Unknown,2026-02-19 08:12:00.874329
MINDACORP,Unknown,2026-02-19 08:12:00.874329
MINDTECK,Unknown,2026-02-19 08:12:00.874329
MIRCELECTR,Unknown,2026-02-19 08:12:00.874329
MIRZAINT,Unknown,2026-02-19 08:12:00.874329
MITCON,Unknown,2026-02-19 08:12:00.874329
MITTAL,Unknown,2026-02-19 08:12:00.874329
MKPL,Unknown,2026-02-19 08:12:00.874329
MMFL,Unknown,2026-02-19 08:12:00.874329
MMP,Unknown,2026-02-19 08:12:00.874329
MMTC,Unknown,2026-02-19 08:12:00.874329
MOBIKWIK,Unknown,2026-02-19 08:12:00.874329
MODINATUR,Unknown,2026-02-19 08:12:00.874329
MODIRUBBER,Unknown,2026-02-19 08:12:00.874329
MODIS,Unknown,2026-02-19 08:12:00.874329
MODISONLTD,Unknown,2026-02-19 08:12:00.874329
MODTHREAD,Unknown,2026-02-19 08:12:00.874329
MOHITIND,Unknown,2026-02-19 08:12:00.874329
MOIL,Energy,2026-02-19 08:12:00.874329
MOKSH,Unknown,2026-02-19 08:12:00.874329
MOL,Unknown,2026-02-19 08:12:00.874329
MOLDTECH,IT,2026-02-19 08:12:00.874329
MOLDTKPAC,Unknown,2026-02-19 08:12:00.874329
MONARCH,Unknown,2026-02-19 08:12:00.874329
MONEYBOXX,Finance,2026-02-19 08:12:00.874329
MONTECARLO,Unknown,2026-02-19 08:12:00.874329
MOREPENLAB,Unknown,2026-02-19 08:12:00.874329
MOSCHIP,IT,2026-02-19 08:12:00.874329
MOTILALOFS,Unknown,2026-02-19 08:12:00.874329
MOTISONS,Unknown,2026-02-19 08:12:00.874329
MOTOGENFIN,Finance,2026-02-19 08:12:00.874329
MPSLTD,Unknown,2026-02-19 08:12:00.874329
MRF,Unknown,2026-02-19 08:12:00.874329
MRPL,Unknown,2026-02-19 08:12:00.874329
MSPL,Energy,2026-02-19 08:12:00.874329
MSTCLTD,Unknown,2026-02-19 08:12:00.874329
MSUMI,Unknown,2026-02-19 08:12:00.874329
MTARTECH,IT,2026-02-19 08:12:00.874329
MTNL,Unknown,2026-02-19 08:12:00.874329
MUFIN,Finance,2026-02-19 08:12:00.874329
MUFTI,Unknown,2026-02-19 08:12:00.874329
MUKANDLTD,Unknown,2026-02-19 08:12:00.874329
MUKKA,Unknown,2026-02-19 08:12:00.874329
MUKTAARTS,Unknown,2026-02-19 08:12:00.874329
MUNJALAU,Automobile,2026-02-19 08:12:00.874329
MUNJALSHOW,Unknown,2026-02-19 08:12:00.874329
MURUDCERA,Unknown,2026-02-19 08:12:00.874329
MUTHOOTCAP,Unknown,2026-02-19 08:12:00.874329
MUTHOOTFIN,Finance,2026-02-19 08:12:00.874329
MUTHOOTMF,Unknown,2026-02-19 08:12:00.874329
MVGJL,Unknown,2026-02-19 08:12:00.874329
MWL,Unknown,2026-02-19 08:12:00.874329
NACLIND,Unknown,2026-02-19 08:12:00.874329
NAGAFERT,Unknown,2026-02-19 08:12:00.874329
NAGREEKCAP,Unknown,2026-02-19 08:12:00.874329
NAGREEKEXP,Unknown,2026-02-19 08:12:00.874329
NAHARCAP,Unknown,2026-02-19 08:12:00.874329
NAHARINDUS,Unknown,2026-02-19 08:12:00.874329
NAHARPOLY,Unknown,2026-02-19 08:12:00.874329
NAHARSPING,Unknown,2026-02-19 08:12:00.874329
NAM-INDIA,Unknown,2026-02-19 08:12:00.874329
NARMADA,Unknown,2026-02-19 08:12:00.874329
NATCAPSUQ,Unknown,2026-02-19 08:12:00.874329
NATCOPHARM,Pharma,2026-02-19 08:12:00.874329
NATHBIOGEN,Pharma,2026-02-19 08:12:00.874329
NAUKRI,Unknown,2026-02-19 08:12:00.874329
NAVA,Unknown,2026-02-19 08:12:00.874329
NAVINFLUOR,Unknown,2026-02-19 08:12:00.874329
NAVKARCORP,Unknown,2026-02-19 08:12:00.874329
NAVNETEDUL,Unknown,2026-02-19 08:12:00.874329
NBCC,Unknown,2026-02-19 08:12:00.874329
NBIFIN,Finance,2026-02-19 08:12:00.874329
NCC,Unknown,2026-02-19 08:12:00.874329
NCLIND,Unknown,2026-02-19 08:12:00.874329
NDGL,Unknown,2026-02-19 08:12:00.874329
NDL,Unknown,2026-02-19 08:12:00.874329
NDLVENTURE,Unknown,2026-02-19 08:12:00.874329
NDRAUTO,Automobile,2026-02-19 08:12:00.874329
NDTV,Unknown,2026-02-19 08:12:00.874329
NECCLTD,Unknown,2026-02-19 08:12:00.874329
NELCAST,Unknown,2026-02-19 08:12:00.874329
NELCO,Unknown,2026-02-19 08:12:00.874329
NEOGEN,Unknown,2026-02-19 08:12:00.874329
NEPHROPLUS,Unknown,2026-02-19 08:12:00.874329
NESCO,Unknown,2026-02-19 08:12:00.874329
NETWEB,IT,2026-02-19 08:12:00.874329
NEULANDLAB,Unknown,2026-02-19 08:12:00.874329
NEWGEN,IT,2026-02-19 08:12:00.874329
NEXTMEDIA,Unknown,2026-02-19 08:12:00.874329
NFL,Unknown,2026-02-19 08:12:00.874329
NGIL,Unknown,2026-02-19 08:12:00.874329
NGLFINE,Unknown,2026-02-19 08:12:00.874329
NH,Unknown,2026-02-19 08:12:00.874329
NIACL,Unknown,2026-02-19 08:12:00.874329
NIBE,Unknown,2026-02-19 08:12:00.874329
NIBL,Unknown,2026-02-19 08:12:00.874329
NIITLTD,Unknown,2026-02-19 08:12:00.874329
NIITMTS,Unknown,2026-02-19 08:12:00.874329
NILAINFRA,Unknown,2026-02-19 08:12:00.874329
NILASPACES,Unknown,2026-02-19 08:12:00.874329
NILKAMAL,Unknown,2026-02-19 08:12:00.874329
NINSYS,Unknown,2026-02-19 08:12:00.874329
NIPPOBATRY,Unknown,2026-02-19 08:12:00.874329
NIRAJ,Cement,2026-02-19 08:12:00.874329
NITCO,Unknown,2026-02-19 08:12:00.874329
NITINSPIN,Unknown,2026-02-19 08:12:00.874329
NITIRAJ,Unknown,2026-02-19 08:12:00.874329
NIVABUPA,Finance,2026-02-19 08:12:00.874329
NKIND,Unknown,2026-02-19 08:12:00.874329
NOCIL,Unknown,2026-02-19 08:12:00.874329
NOIDATOLL,Unknown,2026-02-19 08:12:00.874329
NORTHARC,Unknown,2026-02-19 08:12:00.874329
NOVAAGRI,IT,2026-02-19 08:12:00.874329
NPST,IT,2026-02-19 08:12:00.874329
NRAIL,Unknown,2026-02-19 08:12:00.874329
NRBBEARING,Unknown,2026-02-19 08:12:00.874329
NRL,Unknown,2026-02-19 08:12:00.874329
NSIL,Unknown,2026-02-19 08:12:00.874329
NSLNISP,Metals,2026-02-19 08:12:00.874329
NTPCGREEN,Energy,2026-02-19 08:12:00.874329
NUCLEUS,IT,2026-02-19 08:12:00.874329
NURECA,Unknown,2026-02-19 08:12:00.874329
NUVAMA,Unknown,2026-02-19 08:12:00.874329
NUVOCO,Unknown,2026-02-19 08:12:00.874329
NYKAA,Unknown,2026-02-19 08:12:00.874329
OAL,Unknown,2026-02-19 08:12:00.874329
OBCL,Unknown,2026-02-19 08:12:00.874329
OCCLLTD,Unknown,2026-02-19 08:12:00.874329
ODIGMA,Unknown,2026-02-19 08:12:00.874329
OILCOUNTUB,Energy,2026-02-19 08:12:00.874329
OLAELEC,Unknown,2026-02-19 08:12:00.874329
OLECTRA,IT,2026-02-19 08:12:00.874329
OMAXAUTO,Automobile,2026-02-19 08:12:00.874329
OMAXE,Unknown,2026-02-19 08:12:00.874329
OMFREIGHT,Unknown,2026-02-19 08:12:00.874329
OMINFRAL,Unknown,2026-02-19 08:12:00.874329
ONEPOINT,Unknown,2026-02-19 08:12:00.874329
ONESOURCE,Pharma,2026-02-19 08:12:00.874329
ONMOBILE,Unknown,2026-02-19 08:12:00.874329
ONWARDTEC,IT,2026-02-19 08:12:00.874329
OPTIEMUS,Unknown,2026-02-19 08:12:00.874329
ORBTEXP,Unknown,2026-02-19 08:12:00.874329
ORCHASP,Unknown,2026-02-19 08:12:00.874329
ORCHPHARMA,Pharma,2026-02-19 08:12:00.874329
ORIENTALTL,Unknown,2026-02-19 08:12:00.874329
ORIENTBELL,Unknown,2026-02-19 08:12:00.874329
ORIENTCEM,Cement,2026-02-19 08:12:00.874329
ORIENTCER,IT,2026-02-19 08:12:00.874329
ORIENTELEC,Unknown,2026-02-19 08:12:00.874329
ORIENTHOT,Unknown,2026-02-19 08:12:00.874329
ORIENTLTD,Unknown,2026-02-19 08:12:00.874329
ORIENTPPR,Unknown,2026-02-19 08:12:00.874329
ORIENTTECH,IT,2026-02-19 08:12:00.874329
ORISSAMINE,Unknown,2026-02-19 08:12:00.874329
ORKLAINDIA,Unknown,2026-02-19 08:12:00.874329
OSIAHYPER,Unknown,2026-02-19 08:12:00.874329
OSWALAGRO,Unknown,2026-02-19 08:12:00.874329
OSWALGREEN,IT,2026-02-19 08:12:00.874329
OSWALPUMPS,Unknown,2026-02-19 08:12:00.874329
OSWALSEEDS,Unknown,2026-02-19 08:12:00.874329
PACEDIGITK,Unknown,2026-02-19 08:12:00.874329
PAGEIND,Unknown,2026-02-19 08:12:00.874329
PAISALO,Unknown,2026-02-19 08:12:00.874329
PAKKA,Unknown,2026-02-19 08:12:00.874329
PALASHSECU,Unknown,2026-02-19 08:12:00.874329
PALREDTEC,IT,2026-02-19 08:12:00.874329
PANACEABIO,Pharma,2026-02-19 08:12:00.874329
PANACHE,Unknown,2026-02-19 08:12:00.874329
PANAMAPET,Unknown,2026-02-19 08:12:00.874329
PAR,Unknown,2026-02-19 08:12:00.874329
PARACABLES,Unknown,2026-02-19 08:12:00.874329
PARADEEP,Unknown,2026-02-19 08:12:00.874329
PARAGMILK,Unknown,2026-02-19 08:12:00.874329
PARAS,IT,2026-02-19 08:12:00.874329
PARKHOSPS,Unknown,2026-02-19 08:12:00.874329
PARKHOTELS,Unknown,2026-02-19 08:12:00.874329
PARSVNATH,Unknown,2026-02-19 08:12:00.874329
PASHUPATI,Unknown,2026-02-19 08:12:00.874329
PASUPTAC,Unknown,2026-02-19 08:12:00.874329
PATELENG,Unknown,2026-02-19 08:12:00.874329
PATELRMART,Unknown,2026-02-19 08:12:00.874329
PATINTLOG,Unknown,2026-02-19 08:12:00.874329
PAUSHAKLTD,Unknown,2026-02-19 08:12:00.874329
PAVNAIND,Unknown,2026-02-19 08:12:00.874329
PAYTM,Unknown,2026-02-19 08:12:00.874329
PCBL,Unknown,2026-02-19 08:12:00.874329
PCJEWELLER,Unknown,2026-02-19 08:12:00.874329
PDMJEPAPER,Unknown,2026-02-19 08:12:00.874329
PDSL,Unknown,2026-02-19 08:12:00.874329
PEARLPOLY,Unknown,2026-02-19 08:12:00.874329
PENIND,Unknown,2026-02-19 08:12:00.874329
PENINLAND,Unknown,2026-02-19 08:12:00.874329
PFC,Finance,2026-02-19 08:12:00.874329
PFIZER,Unknown,2026-02-19 08:12:00.874329
PFS,Unknown,2026-02-19 08:12:00.874329
PGEL,Unknown,2026-02-19 08:12:00.874329
PGHH,Unknown,2026-02-19 08:12:00.874329
PGHL,Unknown,2026-02-19 08:12:00.874329
PGIL,Unknown,2026-02-19 08:12:00.874329
PICCADIL,Unknown,2026-02-19 08:12:00.874329
PIDILITIND,Unknown,2026-02-19 08:12:00.874329
PIGL,Energy,2026-02-19 08:12:00.874329
PIIND,Unknown,2026-02-19 08:12:00.874329
PILANIINVS,Unknown,2026-02-19 08:12:00.874329
PILITA,Unknown,2026-02-19 08:12:00.874329
PINELABS,Unknown,2026-02-19 08:12:00.874329
PIONEEREMB,Unknown,2026-02-19 08:12:00.874329
PIRAMALFIN,Finance,2026-02-19 08:12:00.874329
PITTIENG,Unknown,2026-02-19 08:12:00.874329
PIXTRANS,Unknown,2026-02-19 08:12:00.874329
PKTEA,Unknown,2026-02-19 08:12:00.874329
PLASTIBLEN,Unknown,2026-02-19 08:12:00.874329
PLATIND,Unknown,2026-02-19 08:12:00.874329
PLAZACABLE,Unknown,2026-02-19 08:12:00.874329
PNBGILTS,Unknown,2026-02-19 08:12:00.874329
PNBHOUSING,Finance,2026-02-19 08:12:00.874329
PNC,Unknown,2026-02-19 08:12:00.874329
PNCINFRA,IT,2026-02-19 08:12:00.874329
PNGJL,Unknown,2026-02-19 08:12:00.874329
POCL,Unknown,2026-02-19 08:12:00.874329
PODDARMENT,Unknown,2026-02-19 08:12:00.874329
POKARNA,Unknown,2026-02-19 08:12:00.874329
POLICYBZR,IT,2026-02-19 08:12:00.874329
POLYCAB,Unknown,2026-02-19 08:12:00.874329
POLYMED,Unknown,2026-02-19 08:12:00.874329
POLYPLEX,Unknown,2026-02-19 08:12:00.874329
PONNIERODE,Unknown,2026-02-19 08:12:00.874329
POONAWALLA,Unknown,2026-02-19 08:12:00.874329
POWERMECH,Energy,2026-02-19 08:12:00.874329
PPAP,Automobile,2026-02-19 08:12:00.874329
PPL,Unknown,2026-02-19 08:12:00.874329
PRABHA,Energy,2026-02-19 08:12:00.874329
PRAENG,Unknown,2026-02-19 08:12:00.874329
PRAJIND,Unknown,2026-02-19 08:12:00.874329
PRAKASH,Unknown,2026-02-19 08:12:00.874329
PRAXIS,Unknown,2026-02-19 08:12:00.874329
PRECAM,Unknown,2026-02-19 08:12:00.874329
PRECWIRE,Unknown,2026-02-19 08:12:00.874329
PREMEXPLN,Unknown,2026-02-19 08:12:00.874329
PREMIERENE,Unknown,2026-02-19 08:12:00.874329
PREMIERPOL,Unknown,2026-02-19 08:12:00.874329
PRICOLLTD,Unknown,2026-02-19 08:12:00.874329
PRIMESECU,Unknown,2026-02-19 08:12:00.874329
PRIMO,Unknown,2026-02-19 08:12:00.874329
PRINCEPIPE,Unknown,2026-02-19 08:12:00.874329
PRITI,Unknown,2026-02-19 08:12:00.874329
PRITIKAUTO,Automobile,2026-02-19 08:12:00.874329
PRIVISCL,Unknown,2026-02-19 08:12:00.874329
PROSTARM,Unknown,2026-02-19 08:12:00.874329
PROTEAN,IT,2026-02-19 08:12:00.874329
PROZONER,Unknown,2026-02-19 08:12:00.874329
PRSMJOHNSN,Unknown,2026-02-19 08:12:00.874329
PRUDENT,Unknown,2026-02-19 08:12:00.874329
PRUDMOULI,Unknown,2026-02-19 08:12:00.874329
PSB,Finance,2026-02-19 08:12:00.874329
PSPPROJECT,Unknown,2026-02-19 08:12:00.874329
PTC,Unknown,2026-02-19 08:12:00.874329
PTCIL,Unknown,2026-02-19 08:12:00.874329
PTL,Unknown,2026-02-19 08:12:00.874329
PUNJABCHEM,Unknown,2026-02-19 08:12:00.874329
PURVA,Unknown,2026-02-19 08:12:00.874329
PVP,Unknown,2026-02-19 08:12:00.874329
PVSL,Unknown,2026-02-19 08:12:00.874329
PWL,Unknown,2026-02-19 08:12:00.874329
PYRAMID,IT,2026-02-19 08:12:00.874329
QPOWER,Energy,2026-02-19 08:12:00.874329
QUADFUTURE,Unknown,2026-02-19 08:12:00.874329
QUESS,Unknown,2026-02-19 08:12:00.874329
QUICKHEAL,IT,2026-02-19 08:12:00.874329
RACE,Unknown,2026-02-19 08:12:00.874329
RACLGEAR,IT,2026-02-19 08:12:00.874329
RADAAN,Unknown,2026-02-19 08:12:00.874329
RADHIKAJWE,IT,2026-02-19 08:12:00.874329
RADIANTCMS,Unknown,2026-02-19 08:12:00.874329
RADIOCITY,Unknown,2026-02-19 08:12:00.874329
RAILTEL,Unknown,2026-02-19 08:12:00.874329
RAIN,Unknown,2026-02-19 08:12:00.874329
RAINBOW,Unknown,2026-02-19 08:12:00.874329
RAJMET,Metals,2026-02-19 08:12:00.874329
RAJOOENG,Unknown,2026-02-19 08:12:00.874329
RAJRATAN,Unknown,2026-02-19 08:12:00.874329
RAJSREESUG,Unknown,2026-02-19 08:12:00.874329
RAJTV,Unknown,2026-02-19 08:12:00.874329
RALLIS,Unknown,2026-02-19 08:12:00.874329
RAMANEWS,Unknown,2026-02-19 08:12:00.874329
RAMAPHO,Unknown,2026-02-19 08:12:00.874329
RAMASTEEL,Metals,2026-02-19 08:12:00.874329
RAMCOCEM,Cement,2026-02-19 08:12:00.874329
RAMCOIND,Unknown,2026-02-19 08:12:00.874329
RAMCOSYS,Unknown,2026-02-19 08:12:00.874329
RAMKY,Unknown,2026-02-19 08:12:00.874329
RAMRAT,Unknown,2026-02-19 08:12:00.874329
RANASUG,Unknown,2026-02-19 08:12:00.874329
RANEHOLDIN,Unknown,2026-02-19 08:12:00.874329
RATEGAIN,IT,2026-02-19 08:12:00.874329
RATNAMANI,Metals,2026-02-19 08:12:00.874329
RATNAVEER,Unknown,2026-02-19 08:12:00.874329
RAYMOND,Unknown,2026-02-19 08:12:00.874329
RAYMONDLSL,Unknown,2026-02-19 08:12:00.874329
RAYMONDREL,Unknown,2026-02-19 08:12:00.874329
RBA,Unknown,2026-02-19 08:12:00.874329
RBLBANK,Finance,2026-02-19 08:12:00.874329
RBZJEWEL,Unknown,2026-02-19 08:12:00.874329
RCF,Unknown,2026-02-19 08:12:00.874329
RECLTD,Unknown,2026-02-19 08:12:00.874329
REDINGTON,Unknown,2026-02-19 08:12:00.874329
REDTAPE,Unknown,2026-02-19 08:12:00.874329
REFEX,Unknown,2026-02-19 08:12:00.874329
REGAAL,Unknown,2026-02-19 08:12:00.874329
REGENCERAM,Unknown,2026-02-19 08:12:00.874329
RELAXO,Unknown,2026-02-19 08:12:00.874329
RELCHEMQ,Unknown,2026-02-19 08:12:00.874329
RELIGARE,Unknown,2026-02-19 08:12:00.874329
RELTD,Energy,2026-02-19 08:12:00.874329
REMSONSIND,Unknown,2026-02-19 08:12:00.874329
RENUKA,Unknown,2026-02-19 08:12:00.874329
REPCOHOME,Finance,2026-02-19 08:12:00.874329
REPL,Unknown,2026-02-19 08:12:00.874329
REPRO,Unknown,2026-02-19 08:12:00.874329
RESPONIND,Unknown,2026-02-19 08:12:00.874329
RETAIL,Unknown,2026-02-19 08:12:00.874329
RGL,Unknown,2026-02-19 08:12:00.874329
RHETAN,Unknown,2026-02-19 08:12:00.874329
RHIM,Unknown,2026-02-19 08:12:00.874329
RHL,Unknown,2026-02-19 08:12:00.874329
RICOAUTO,Automobile,2026-02-19 08:12:00.874329
RIIL,Unknown,2026-02-19 08:12:00.874329
RISHABH,Unknown,2026-02-19 08:12:00.874329
RITCO,Unknown,2026-02-19 08:12:00.874329
RITES,Unknown,2026-02-19 08:12:00.874329
RKDL,Unknown,2026-02-19 08:12:00.874329
RKEC,Unknown,2026-02-19 08:12:00.874329
RKFORGE,Unknown,2026-02-19 08:12:00.874329
RKSWAMY,Unknown,2026-02-19 08:12:00.874329
RMDRIP,Unknown,2026-02-19 08:12:00.874329
RML,Unknown,2026-02-19 08:12:00.874329
RNBDENIMS,Unknown,2026-02-19 08:12:00.874329
ROHLTD,Unknown,2026-02-19 08:12:00.874329
ROLEXRINGS,Unknown,2026-02-19 08:12:00.874329
ROML,Energy,2026-02-19 08:12:00.874329
ROSSARI,IT,2026-02-19 08:12:00.874329
ROSSELLIND,Unknown,2026-02-19 08:12:00.874329
ROSSTECH,IT,2026-02-19 08:12:00.874329
ROTO,Unknown,2026-02-19 08:12:00.874329
ROUTE,Unknown,2026-02-19 08:12:00.874329
RPEL,Unknown,2026-02-19 08:12:00.874329
RPGLIFE,Unknown,2026-02-19 08:12:00.874329
RPPINFRA,Unknown,2026-02-19 08:12:00.874329
RPPL,Unknown,2026-02-19 08:12:00.874329
RPSGVENT,Unknown,2026-02-19 08:12:00.874329
RPTECH,Unknown,2026-02-19 08:12:00.874329
RRKABEL,Unknown,2026-02-19 08:12:00.874329
RSSOFTWARE,IT,2026-02-19 08:12:00.874329
RSWM,Unknown,2026-02-19 08:12:00.874329
RSYSTEMS,Unknown,2026-02-19 08:12:00.874329
RTNINDIA,Unknown,2026-02-19 08:12:00.874329
RTNPOWER,Energy,2026-02-19 08:12:00.874329
RUBFILA,Unknown,2026-02-19 08:12:00.874329
RUBICON,Unknown,2026-02-19 08:12:00.874329
RUBYMILLS,Unknown,2026-02-19 08:12:00.874329
RUCHINFRA,Unknown,2026-02-19 08:12:00.874329
RUCHIRA,Unknown,2026-02-19 08:12:00.874329
RUDRA,Unknown,2026-02-19 08:12:00.874329
RUPA,Unknown,2026-02-19 08:12:00.874329
RUSHIL,Unknown,2026-02-19 08:12:00.874329
RUSTOMJEE,Unknown,2026-02-19 08:12:00.874329
RVHL,Unknown,2026-02-19 08:12:00.874329
RVNL,Unknown,2026-02-19 08:12:00.874329
RVTH,Unknown,2026-02-19 08:12:00.874329
S&SPOWER,Energy,2026-02-19 08:12:00.874329
SAATVIKGL,Energy,2026-02-19 08:12:00.874329
SADBHAV,Unknown,2026-02-19 08:12:00.874329
SADBHIN,Unknown,2026-02-19 08:12:00.874329
SADHNANIQ,Unknown,2026-02-19 08:12:00.874329
SAFARI,Unknown,2026-02-19 08:12:00.874329
SAGARDEEP,Unknown,2026-02-19 08:12:00.874329
SAGCEM,Cement,2026-02-19 08:12:00.874329
SAGILITY,Unknown,2026-02-19 08:12:00.874329
SAHYADRI,Unknown,2026-02-19 08:12:00.874329
SAILIFE,Unknown,2026-02-19 08:12:00.874329
SAKAR,Unknown,2026-02-19 08:12:00.874329
SAKHTISUG,Unknown,2026-02-19 08:12:00.874329
SAKSOFT,Unknown,2026-02-19 08:12:00.874329
SAKUMA,Unknown,2026-02-19 08:12:00.874329
SALASAR,IT,2026-02-19 08:12:00.874329
SALONA,Unknown,2026-02-19 08:12:00.874329
SALZERELEC,Unknown,2026-02-19 08:12:00.874329
SAMBHV,Metals,2026-02-19 08:12:00.874329
SAMHI,Unknown,2026-02-19 08:12:00.874329
SAMMAANCAP,Unknown,2026-02-19 08:12:00.874329
SAMPANN,Unknown,2026-02-19 08:12:00.874329
SANATHAN,Unknown,2026-02-19 08:12:00.874329
SANDESH,Unknown,2026-02-19 08:12:00.874329
SANDHAR,IT,2026-02-19 08:12:00.874329
SANDUMA,Unknown,2026-02-19 08:12:00.874329
SANGAMIND,Unknown,2026-02-19 08:12:00.874329
SANGHIIND,Unknown,2026-02-19 08:12:00.874329
SANGHVIMOV,Unknown,2026-02-19 08:12:00.874329
SANGINITA,Unknown,2026-02-19 08:12:00.874329
SANOFI,Unknown,2026-02-19 08:12:00.874329
SANOFICONR,Unknown,2026-02-19 08:12:00.874329
SANSERA,Unknown,2026-02-19 08:12:00.874329
SANSTAR,Unknown,2026-02-19 08:12:00.874329
SAPPHIRE,Unknown,2026-02-19 08:12:00.874329
SARDAEN,Energy,2026-02-19 08:12:00.874329
SARLAPOLY,Unknown,2026-02-19 08:12:00.874329
SARVESHWAR,Unknown,2026-02-19 08:12:00.874329
SASKEN,IT,2026-02-19 08:12:00.874329
SASTASUNDR,Unknown,2026-02-19 08:12:00.874329
SATIA,Unknown,2026-02-19 08:12:00.874329
SATIN,Unknown,2026-02-19 08:12:00.874329
SAURASHCEM,Cement,2026-02-19 08:12:00.874329
SBC,Unknown,2026-02-19 08:12:00.874329
SBCL,Metals,2026-02-19 08:12:00.874329
SBFC,Finance,2026-02-19 08:12:00.874329
SBGLP,Unknown,2026-02-19 08:12:00.874329
SBICARD,Unknown,2026-02-19 08:12:00.874329
SBILIFE,Finance,2026-02-19 08:12:00.874329
SCHAEFFLER,Unknown,2026-02-19 08:12:00.874329
SCHAND,Unknown,2026-02-19 08:12:00.874329
SCHNEIDER,Unknown,2026-02-19 08:12:00.874329
SCI,Unknown,2026-02-19 08:12:00.874329
SCILAL,Unknown,2026-02-19 08:12:00.874329
SCODATUBES,Unknown,2026-02-19 08:12:00.874329
SDBL,Unknown,2026-02-19 08:12:00.874329
SEAMECLTD,Unknown,2026-02-19 08:12:00.874329
SECMARK,Unknown,2026-02-19 08:12:00.874329
SEJALLTD,Unknown,2026-02-19 08:12:00.874329
SEMAC,Unknown,2026-02-19 08:12:00.874329
SENCO,Unknown,2026-02-19 08:12:00.874329
SENORES,Pharma,2026-02-19 08:12:00.874329
SEPC,Unknown,2026-02-19 08:12:00.874329
SERVOTECH,IT,2026-02-19 08:12:00.874329
SESHAPAPER,Unknown,2026-02-19 08:12:00.874329
SETCO,Automobile,2026-02-19 08:12:00.874329
SETL,IT,2026-02-19 08:12:00.874329
SFL,Unknown,2026-02-19 08:12:00.874329
SGFIN,Unknown,2026-02-19 08:12:00.874329
SGIL,Unknown,2026-02-19 08:12:00.874329
SGL,Unknown,2026-02-19 08:12:00.874329
SGMART,Unknown,2026-02-19 08:12:00.874329
SHADOWFAX,IT,2026-02-19 08:12:00.874329
SHAH,Unknown,2026-02-19 08:12:00.874329
SHAHALLOYS,Unknown,2026-02-19 08:12:00.874329
SHAILY,Unknown,2026-02-19 08:12:00.874329
SHAKTIPUMP,Unknown,2026-02-19 08:12:00.874329
SHALBY,Unknown,2026-02-19 08:12:00.874329
SHALPAINTS,Unknown,2026-02-19 08:12:00.874329
SHANKARA,Unknown,2026-02-19 08:12:00.874329
SHANTI,Unknown,2026-02-19 08:12:00.874329
SHANTIGEAR,Unknown,2026-02-19 08:12:00.874329
SHANTIGOLD,Unknown,2026-02-19 08:12:00.874329
SHARDACROP,Unknown,2026-02-19 08:12:00.874329
SHARDAMOTR,Unknown,2026-02-19 08:12:00.874329
SHAREINDIA,Unknown,2026-02-19 08:12:00.874329
SHEKHAWATI,Unknown,2026-02-19 08:12:00.874329
SHEMAROO,Unknown,2026-02-19 08:12:00.874329
SHILCTECH,IT,2026-02-19 08:12:00.874329
SHILPAMED,Unknown,2026-02-19 08:12:00.874329
SHIVALIK,Unknown,2026-02-19 08:12:00.874329
SHIVAMAUTO,IT,2026-02-19 08:12:00.874329
SHIVAMILLS,Unknown,2026-02-19 08:12:00.874329
SHIVATEX,Unknown,2026-02-19 08:12:00.874329
SHIVAUM,Metals,2026-02-19 08:12:00.874329
SHK,Unknown,2026-02-19 08:12:00.874329
SHOPERSTOP,Unknown,2026-02-19 08:12:00.874329
SHRADHA,Unknown,2026-02-19 08:12:00.874329
SHREDIGCEM,Cement,2026-02-19 08:12:00.874329
SHREECEM,Cement,2026-02-19 08:12:00.874329
SHREEJISPG,Unknown,2026-02-19 08:12:00.874329
SHREEPUSHK,Unknown,2026-02-19 08:12:00.874329
SHREERAMA,IT,2026-02-19 08:12:00.874329
SHREYANIND,Unknown,2026-02-19 08:12:00.874329
SHRINGARMS,Unknown,2026-02-19 08:12:00.874329
SHRIPISTON,Unknown,2026-02-19 08:12:00.874329
SHRIRAMFIN,Finance,2026-02-19 08:12:00.874329
SHRIRAMPPS,Unknown,2026-02-19 08:12:00.874329
SHYAMMETL,Energy,2026-02-19 08:12:00.874329
SHYAMTEL,Unknown,2026-02-19 08:12:00.874329
SIGACHI,Unknown,2026-02-19 08:12:00.874329
SIGIND,Unknown,2026-02-19 08:12:00.874329
SIGMA,Unknown,2026-02-19 08:12:00.874329
SIGMAADV,Unknown,2026-02-19 08:12:00.874329
SIGNPOST,Unknown,2026-02-19 08:12:00.874329
SIKKO,Unknown,2026-02-19 08:12:00.874329
SIL,Unknown,2026-02-19 08:12:00.874329
SILGO,Unknown,2026-02-19 08:12:00.874329
SILINV,Unknown,2026-02-19 08:12:00.874329
SILVERTUC,IT,2026-02-19 08:12:00.874329
SIMPLEXINF,Unknown,2026-02-19 08:12:00.874329
SINCLAIR,Unknown,2026-02-19 08:12:00.874329
SINDHUTRAD,Unknown,2026-02-19 08:12:00.874329
SINTERCOM,Unknown,2026-02-19 08:12:00.874329
SIRCA,Unknown,2026-02-19 08:12:00.874329
SIS,Unknown,2026-02-19 08:12:00.874329
SIYSIL,Unknown,2026-02-19 08:12:00.874329
SJS,Unknown,2026-02-19 08:12:00.874329
SKFINDIA,Unknown,2026-02-19 08:12:00.874329
SKFINDUS,Unknown,2026-02-19 08:12:00.874329
SKIPPER,Unknown,2026-02-19 08:12:00.874329
SKMEGGPROD,Unknown,2026-02-19 08:12:00.874329
SKYGOLD,Unknown,2026-02-19 08:12:00.874329
SMARTLINK,Unknown,2026-02-19 08:12:00.874329
SMARTWORKS,Unknown,2026-02-19 08:12:00.874329
SMCGLOBAL,Unknown,2026-02-19 08:12:00.874329
SMLMAH,Unknown,2026-02-19 08:12:00.874329
SMLT,Metals,2026-02-19 08:12:00.874329
SMSPHARMA,Pharma,2026-02-19 08:12:00.874329
SNOWMAN,Unknown,2026-02-19 08:12:00.874329
SOFTTECH,IT,2026-02-19 08:12:00.874329
SOLARA,Pharma,2026-02-19 08:12:00.874329
SOLARINDS,Unknown,2026-02-19 08:12:00.874329
SOLARWORLD,Energy,2026-02-19 08:12:00.874329
SOLEX,Energy,2026-02-19 08:12:00.874329
SOMANYCERA,Unknown,2026-02-19 08:12:00.874329
SOMICONVEY,Unknown,2026-02-19 08:12:00.874329
SONAMLTD,Unknown,2026-02-19 08:12:00.874329
SONATSOFTW,IT,2026-02-19 08:12:00.874329
SOTL,IT,2026-02-19 08:12:00.874329
SOUTHBANK,Finance,2026-02-19 08:12:00.874329
SPAL,Unknown,2026-02-19 08:12:00.874329
SPANDANA,Unknown,2026-02-19 08:12:00.874329
SPARC,Pharma,2026-02-19 08:12:00.874329
SPCENET,Unknown,2026-02-19 08:12:00.874329
SPECIALITY,Unknown,2026-02-19 08:12:00.874329
SPECTRUM,Unknown,2026-02-19 08:12:00.874329
SPENCERS,Unknown,2026-02-19 08:12:00.874329
SPIC,Unknown,2026-02-19 08:12:00.874329
SPLIL,Unknown,2026-02-19 08:12:00.874329
SPLPETRO,Unknown,2026-02-19 08:12:00.874329
SPMLINFRA,Unknown,2026-02-19 08:12:00.874329
SPORTKING,Unknown,2026-02-19 08:12:00.874329
SRD,Unknown,2026-02-19 08:12:00.874329
SREEL,Unknown,2026-02-19 08:12:00.874329
SRF,Unknown,2026-02-19 08:12:00.874329
SRGHFL,Finance,2026-02-19 08:12:00.874329
SRHHYPOLTD,Unknown,2026-02-19 08:12:00.874329
SRM,Unknown,2026-02-19 08:12:00.874329
SSDL,Unknown,2026-02-19 08:12:00.874329
SSWL,Metals,2026-02-19 08:12:00.874329
STALLION,Unknown,2026-02-19 08:12:00.874329
STANLEY,Unknown,2026-02-19 08:12:00.874329
STAR,Pharma,2026-02-19 08:12:00.874329
STARCEMENT,Cement,2026-02-19 08:12:00.874329
STARHEALTH,Finance,2026-02-19 08:12:00.874329
STARPAPER,Unknown,2026-02-19 08:12:00.874329
STARTECK,Finance,2026-02-19 08:12:00.874329
STCINDIA,Unknown,2026-02-19 08:12:00.874329
STEELCAS,Metals,2026-02-19 08:12:00.874329
STEELCITY,Metals,2026-02-19 08:12:00.874329
STEELXIND,Metals,2026-02-19 08:12:00.874329
STEL,Unknown,2026-02-19 08:12:00.874329
STERTOOLS,Unknown,2026-02-19 08:12:00.874329
STLNETWORK,Unknown,2026-02-19 08:12:00.874329
STLTECH,IT,2026-02-19 08:12:00.874329
STOVEKRAFT,Unknown,2026-02-19 08:12:00.874329
STUDDS,Unknown,2026-02-19 08:12:00.874329
STYL,IT,2026-02-19 08:12:00.874329
STYLAMIND,Unknown,2026-02-19 08:12:00.874329
STYLEBAAZA,Unknown,2026-02-19 08:12:00.874329
STYRENIX,Unknown,2026-02-19 08:12:00.874329
SUBEXLTD,Unknown,2026-02-19 08:12:00.874329
SUBROS,Unknown,2026-02-19 08:12:00.874329
SUDARCOLOR,Unknown,2026-02-19 08:12:00.874329
SUDARSCHEM,Unknown,2026-02-19 08:12:00.874329
SUDEEPPHRM,Pharma,2026-02-19 08:12:00.874329
SUKHJITS,Unknown,2026-02-19 08:12:00.874329
SULA,Unknown,2026-02-19 08:12:00.874329
SUMEETINDS,Unknown,2026-02-19 08:12:00.874329
SUMICHEM,Unknown,2026-02-19 08:12:00.874329
SUMIT,Unknown,2026-02-19 08:12:00.874329
SUMMITSEC,Unknown,2026-02-19 08:12:00.874329
SUNCLAY,Unknown,2026-02-19 08:12:00.874329
SUNDARAM,Unknown,2026-02-19 08:12:00.874329
SUNDARMFIN,Finance,2026-02-19 08:12:00.874329
SUNDRMBRAK,Unknown,2026-02-19 08:12:00.874329
SUNDRMFAST,Unknown,2026-02-19 08:12:00.874329
SUNDROP,Unknown,2026-02-19 08:12:00.874329
SUNFLAG,Metals,2026-02-19 08:12:00.874329
SUNTECK,Unknown,2026-02-19 08:12:00.874329
SUPERHOUSE,Unknown,2026-02-19 08:12:00.874329
SUPERSPIN,Unknown,2026-02-19 08:12:00.874329
SUPRAJIT,Unknown,2026-02-19 08:12:00.874329
SUPREME,Unknown,2026-02-19 08:12:00.874329
SUPREMEIND,Unknown,2026-02-19 08:12:00.874329
SUPRIYA,Unknown,2026-02-19 08:12:00.874329
SURAJEST,Unknown,2026-02-19 08:12:00.874329
SURAJLTD,Unknown,2026-02-19 08:12:00.874329
SURAKSHA,Unknown,2026-02-19 08:12:00.874329
SURANASOL,Unknown,2026-02-19 08:12:00.874329
SURANAT&P,Energy,2026-02-19 08:12:00.874329
SURYALAXMI,Unknown,2026-02-19 08:12:00.874329
SURYAROSNI,Unknown,2026-02-19 08:12:00.874329
SURYODAY,Finance,2026-02-19 08:12:00.874329
SUTLEJTEX,Unknown,2026-02-19 08:12:00.874329
SUVEN,Unknown,2026-02-19 08:12:00.874329
SUVIDHAA,Unknown,2026-02-19 08:12:00.874329
SUYOG,Unknown,2026-02-19 08:12:00.874329
SVLL,Unknown,2026-02-19 08:12:00.874329
SWANCORP,Unknown,2026-02-19 08:12:00.874329
SWARAJENG,Unknown,2026-02-19 08:12:00.874329
SWELECTES,Energy,2026-02-19 08:12:00.874329
SWIGGY,Unknown,2026-02-19 08:12:00.874329
SWSOLAR,Energy,2026-02-19 08:12:00.874329
SYMPHONY,Unknown,2026-02-19 08:12:00.874329
SYNCOMF,Unknown,2026-02-19 08:12:00.874329
SYNGENE,Unknown,2026-02-19 08:12:00.874329
SYRMA,IT,2026-02-19 08:12:00.874329
SYSTMTXC,Unknown,2026-02-19 08:12:00.874329
TAINWALCHM,Unknown,2026-02-19 08:12:00.874329
TAJGVK,Unknown,2026-02-19 08:12:00.874329
TALBROAUTO,Automobile,2026-02-19 08:12:00.874329
TANLA,Unknown,2026-02-19 08:12:00.874329
TARACHAND,Unknown,2026-02-19 08:12:00.874329
TARAPUR,Unknown,2026-02-19 08:12:00.874329
TARC,Unknown,2026-02-19 08:12:00.874329
TARIL,Unknown,2026-02-19 08:12:00.874329
TARMAT,Unknown,2026-02-19 08:12:00.874329
TARSONS,Unknown,2026-02-19 08:12:00.874329
TASTYBITE,Unknown,2026-02-19 08:12:00.874329
TATACAP,Unknown,2026-02-19 08:12:00.874329
TATACHEM,Unknown,2026-02-19 08:12:00.874329
TATACOMM,Unknown,2026-02-19 08:12:00.874329
TATAELXSI,Unknown,2026-02-19 08:12:00.874329
TATAINVEST,Unknown,2026-02-19 08:12:00.874329
TATATECH,IT,2026-02-19 08:12:00.874329
TATVA,Pharma,2026-02-19 08:12:00.874329
TBOTEK,Unknown,2026-02-19 08:12:00.874329
TBZ,Unknown,2026-02-19 08:12:00.874329
TCI,Unknown,2026-02-19 08:12:00.874329
TCIEXP,Unknown,2026-02-19 08:12:00.874329
TCPLPACK,Unknown,2026-02-19 08:12:00.874329
TDPOWERSYS,Energy,2026-02-19 08:12:00.874329
TEAMGTY,Unknown,2026-02-19 08:12:00.874329
TEAMLEASE,Unknown,2026-02-19 08:12:00.874329
TECHNOE,IT,2026-02-19 08:12:00.874329
TECILCHEM,Energy,2026-02-19 08:12:00.874329
TEGA,Unknown,2026-02-19 08:12:00.874329
TEJASNET,Unknown,2026-02-19 08:12:00.874329
TEMBO,Unknown,2026-02-19 08:12:00.874329
TENNIND,Unknown,2026-02-19 08:12:00.874329
TERASOFT,IT,2026-02-19 08:12:00.874329
TEXINFRA,Unknown,2026-02-19 08:12:00.874329
TEXMOPIPES,Unknown,2026-02-19 08:12:00.874329
TEXRAIL,Unknown,2026-02-19 08:12:00.874329
TFCILTD,Finance,2026-02-19 08:12:00.874329
TFL,Finance,2026-02-19 08:12:00.874329
TGBHOTELS,Unknown,2026-02-19 08:12:00.874329
THANGAMAYL,Unknown,2026-02-19 08:12:00.874329
THEINVEST,Unknown,2026-02-19 08:12:00.874329
THEJO,Unknown,2026-02-19 08:12:00.874329
THELEELA,Unknown,2026-02-19 08:12:00.874329
THEMISMED,Unknown,2026-02-19 08:12:00.874329
THOMASCOOK,Unknown,2026-02-19 08:12:00.874329
THOMASCOTT,Unknown,2026-02-19 08:12:00.874329
THYROCARE,IT,2026-02-19 08:12:00.874329
TI,Unknown,2026-02-19 08:12:00.874329
TICL,Unknown,2026-02-19 08:12:00.874329
TIGERLOGS,Unknown,2026-02-19 08:12:00.874329
TIIL,IT,2026-02-19 08:12:00.874329
TIL,Unknown,2026-02-19 08:12:00.874329
TIMETECHNO,IT,2026-02-19 08:12:00.874329
TIMKEN,Unknown,2026-02-19 08:12:00.874329
TINNARUBR,Unknown,2026-02-19 08:12:00.874329
TIPSFILMS,Unknown,2026-02-19 08:12:00.874329
TIRUMALCHM,Unknown,2026-02-19 08:12:00.874329
TIRUPATIFL,Unknown,2026-02-19 08:12:00.874329
TITAGARH,Unknown,2026-02-19 08:12:00.874329
TITAN,Unknown,2026-02-19 08:12:00.874329
TMB,Finance,2026-02-19 08:12:00.874329
TMCV,Unknown,2026-02-19 08:12:00.874329
TNPETRO,Unknown,2026-02-19 08:12:00.874329
TNPL,Unknown,2026-02-19 08:12:00.874329
TNTELE,Unknown,2026-02-19 08:12:00.874329
TOKYOPLAST,Unknown,2026-02-19 08:12:00.874329
TOLINS,Unknown,2026-02-19 08:12:00.874329
TOTAL,Unknown,2026-02-19 08:12:00.874329
TOUCHWOOD,Unknown,2026-02-19 08:12:00.874329
TPHQ,Unknown,2026-02-19 08:12:00.874329
TPLPLASTEH,IT,2026-02-19 08:12:00.874329
TRACXN,IT,2026-02-19 08:12:00.874329
TRANSRAILL,Unknown,2026-02-19 08:12:00.874329
TRANSWORLD,Unknown,2026-02-19 08:12:00.874329
TRAVELFOOD,Unknown,2026-02-19 08:12:00.874329
TREEHOUSE,Unknown,2026-02-19 08:12:00.874329
TREL,Unknown,2026-02-19 08:12:00.874329
TRENT,Unknown,2026-02-19 08:12:00.874329
TRF,Unknown,2026-02-19 08:12:00.874329
TRIDENT,Unknown,2026-02-19 08:12:00.874329
TRIGYN,IT,2026-02-19 08:12:00.874329
TRITURBINE,Unknown,2026-02-19 08:12:00.874329
TRIVENI,Unknown,2026-02-19 08:12:00.874329
TRU,Finance,2026-02-19 08:12:00.874329
TRUALT,Pharma,2026-02-19 08:12:00.874329
TSFINV,Unknown,2026-02-19 08:12:00.874329
TTKHLTCARE,Unknown,2026-02-19 08:12:00.874329
TTKPRESTIG,Unknown,2026-02-19 08:12:00.874329
TTL,Unknown,2026-02-19 08:12:00.874329
TTML,Unknown,2026-02-19 08:12:00.874329
TVSHLTD,Unknown,2026-02-19 08:12:00.874329
TVSSCS,Unknown,2026-02-19 08:12:00.874329
TVSSRICHAK,Unknown,2026-02-19 08:12:00.874329
TVTODAY,Unknown,2026-02-19 08:12:00.874329
UCAL,Unknown,2026-02-19 08:12:00.874329
UCOBANK,Finance,2026-02-19 08:12:00.874329
UDS,Unknown,2026-02-19 08:12:00.874329
UEL,Energy,2026-02-19 08:12:00.874329
UFBL,Unknown,2026-02-19 08:12:00.874329
UFLEX,Unknown,2026-02-19 08:12:00.874329
UFO,Unknown,2026-02-19 08:12:00.874329
UGARSUGAR,Unknown,2026-02-19 08:12:00.874329
UGROCAP,Unknown,2026-02-19 08:12:00.874329
UJJIVANSFB,Finance,2026-02-19 08:12:00.874329
ULTRACEMCO,IT,2026-02-19 08:12:00.874329
UMAEXPORTS,Unknown,2026-02-19 08:12:00.874329
UMESLTD,Unknown,2026-02-19 08:12:00.874329
UMIYA-MRO,Unknown,2026-02-19 08:12:00.874329
UNICHEMLAB,Unknown,2026-02-19 08:12:00.874329
UNIDT,Unknown,2026-02-19 08:12:00.874329
UNIECOM,Unknown,2026-02-19 08:12:00.874329
UNIENTER,Unknown,2026-02-19 08:12:00.874329
UNIINFO,Unknown,2026-02-19 08:12:00.874329
UNIMECH,Unknown,2026-02-19 08:12:00.874329
UNIPARTS,Unknown,2026-02-19 08:12:00.874329
UNITECH,IT,2026-02-19 08:12:00.874329
UNITEDPOLY,Unknown,2026-02-19 08:12:00.874329
UNITEDTEA,Unknown,2026-02-19 08:12:00.874329
UNIVASTU,Unknown,2026-02-19 08:12:00.874329
UNIVCABLES,Unknown,2026-02-19 08:12:00.874329
UNIVPHOTO,Unknown,2026-02-19 08:12:00.874329
UPL,Unknown,2026-02-19 08:12:00.874329
URAVIDEF,IT,2026-02-19 08:12:00.874329
URBANCO,Unknown,2026-02-19 08:12:00.874329
URJA,Unknown,2026-02-19 08:12:00.874329
USHAMART,Unknown,2026-02-19 08:12:00.874329
USK,Unknown,2026-02-19 08:12:00.874329
UTIAMC,Unknown,2026-02-19 08:12:00.874329
UTKARSHBNK,Finance,2026-02-19 08:12:00.874329
UTLSOLAR,Energy,2026-02-19 08:12:00.874329
UTTAMSUGAR,Unknown,2026-02-19 08:12:00.874329
V2RETAIL,Unknown,2026-02-19 08:12:00.874329
VADILALIND,Unknown,2026-02-19 08:12:00.874329
VAIBHAVGBL,Unknown,2026-02-19 08:12:00.874329
VAISHALI,Pharma,2026-02-19 08:12:00.874329
VAKRANGEE,Unknown,2026-02-19 08:12:00.874329
VALIANTLAB,Unknown,2026-02-19 08:12:00.874329
VALIANTORG,Unknown,2026-02-19 08:12:00.874329
VARDHACRLC,Unknown,2026-02-19 08:12:00.874329
VARDMNPOLY,Unknown,2026-02-19 08:12:00.874329
VARROC,Unknown,2026-02-19 08:12:00.874329
VASCONEQ,Unknown,2026-02-19 08:12:00.874329
VASWANI,Unknown,2026-02-19 08:12:00.874329
VEEDOL,Unknown,2026-02-19 08:12:00.874329
VENKEYS,Unknown,2026-02-19 08:12:00.874329
VENTIVE,Unknown,2026-02-19 08:12:00.874329
VENUSPIPES,Unknown,2026-02-19 08:12:00.874329
VERANDA,Unknown,2026-02-19 08:12:00.874329
VERTOZ,Unknown,2026-02-19 08:12:00.874329
VESUVIUS,Unknown,2026-02-19 08:12:00.874329
VETO,Unknown,2026-02-19 08:12:00.874329
VGL,Unknown,2026-02-19 08:12:00.874329
VGUARD,Unknown,2026-02-19 08:12:00.874329
VHL,Unknown,2026-02-19 08:12:00.874329
VIDHIING,Unknown,2026-02-19 08:12:00.874329
VIDYAWIRES,Unknown,2026-02-19 08:12:00.874329
VIJAYA,Unknown,2026-02-19 08:12:00.874329
VIJIFIN,Finance,2026-02-19 08:12:00.874329
VIKASECO,IT,2026-02-19 08:12:00.874329
VIKASLIFE,Unknown,2026-02-19 08:12:00.874329
VIKRAMSOLR,Unknown,2026-02-19 08:12:00.874329
VIKRAN,Unknown,2026-02-19 08:12:00.874329
VIMTALABS,Unknown,2026-02-19 08:12:00.874329
VINATIORGA,Unknown,2026-02-19 08:12:00.874329
VINCOFE,Unknown,2026-02-19 08:12:00.874329
VINDHYATEL,Unknown,2026-02-19 08:12:00.874329
VINEETLAB,Unknown,2026-02-19 08:12:00.874329
VINNY,Unknown,2026-02-19 08:12:00.874329
VINYLINDIA,Unknown,2026-02-19 08:12:00.874329
VIPCLOTHNG,Unknown,2026-02-19 08:12:00.874329
VIPIND,Unknown,2026-02-19 08:12:00.874329
VIRINCHI,Unknown,2026-02-19 08:12:00.874329
VISAKAIND,Unknown,2026-02-19 08:12:00.874329
VISASTEEL,Metals,2026-02-19 08:12:00.874329
VISHNU,Unknown,2026-02-19 08:12:00.874329
VISHWARAJ,Unknown,2026-02-19 08:12:00.874329
VIVIDHA,Unknown,2026-02-19 08:12:00.874329
VIVIMEDLAB,Unknown,2026-02-19 08:12:00.874329
VIYASH,Unknown,2026-02-19 08:12:00.874329
VLEGOV,Unknown,2026-02-19 08:12:00.874329
VLSFINANCE,Finance,2026-02-19 08:12:00.874329
VMART,Unknown,2026-02-19 08:12:00.874329
VMM,Unknown,2026-02-19 08:12:00.874329
VMSTMT,Unknown,2026-02-19 08:12:00.874329
VOLTAMP,Unknown,2026-02-19 08:12:00.874329
VOLTAS,Unknown,2026-02-19 08:12:00.874329
VPRPL,Unknown,2026-02-19 08:12:00.874329
VRAJ,Metals,2026-02-19 08:12:00.874329
VRLLOG,Unknown,2026-02-19 08:12:00.874329
VSSL,Metals,2026-02-19 08:12:00.874329
VSTIND,Unknown,2026-02-19 08:12:00.874329
VSTL,Metals,2026-02-19 08:12:00.874329
VSTTILLERS,Unknown,2026-02-19 08:12:00.874329
VTL,Unknown,2026-02-19 08:12:00.874329
WAAREEENER,Unknown,2026-02-19 08:12:00.874329
WAAREERTL,IT,2026-02-19 08:12:00.874329
WABAG,IT,2026-02-19 08:12:00.874329
WAKEFIT,Unknown,2026-02-19 08:12:00.874329
WALCHANNAG,Unknown,2026-02-19 08:12:00.874329
WANBURY,Unknown,2026-02-19 08:12:00.874329
WCIL,Unknown,2026-02-19 08:12:00.874329
WEALTH,Unknown,2026-02-19 08:12:00.874329
WEBELSOLAR,Energy,2026-02-19 08:12:00.874329
WEIZMANIND,Unknown,2026-02-19 08:12:00.874329
WEL,Unknown,2026-02-19 08:12:00.874329
WELENT,Unknown,2026-02-19 08:12:00.874329
WELINV,Unknown,2026-02-19 08:12:00.874329
WELSPUNLIV,Unknown,2026-02-19 08:12:00.874329
WENDT,Unknown,2026-02-19 08:12:00.874329
WESTLIFE,Unknown,2026-02-19 08:12:00.874329
WEWIN,Unknown,2026-02-19 08:12:00.874329
WEWORK,Unknown,2026-02-19 08:12:00.874329
WHEELS,Unknown,2026-02-19 08:12:00.874329
WHIRLPOOL,Unknown,2026-02-19 08:12:00.874329
WILLAMAGOR,Unknown,2026-02-19 08:12:00.874329
WINDLAS,IT,2026-02-19 08:12:00.874329
WINDMACHIN,Unknown,2026-02-19 08:12:00.874329
WIPL,Unknown,2026-02-19 08:12:00.874329
WONDERLA,Unknown,2026-02-19 08:12:00.874329
WORTHPERI,Unknown,2026-02-19 08:12:00.874329
WSI,Unknown,2026-02-19 08:12:00.874329
WSTCSTPAPR,Unknown,2026-02-19 08:12:00.874329
XCHANGING,Unknown,2026-02-19 08:12:00.874329
XELPMOC,IT,2026-02-19 08:12:00.874329
XPROINDIA,Unknown,2026-02-19 08:12:00.874329
XTGLOBAL,IT,2026-02-19 08:12:00.874329
YASHO,Unknown,2026-02-19 08:12:00.874329
YATHARTH,Unknown,2026-02-19 08:12:00.874329
YATRA,Unknown,2026-02-19 08:12:00.874329
YUKEN,Unknown,2026-02-19 08:12:00.874329
ZAGGLE,Unknown,2026-02-19 08:12:00.874329
ZEELEARN,Unknown,2026-02-19 08:12:00.874329
ZEEMEDIA,Unknown,2026-02-19 08:12:00.874329
ZENITHEXPO,Unknown,2026-02-19 08:12:00.874329
ZENITHSTL,Metals,2026-02-19 08:12:00.874329
ZENSARTECH,IT,2026-02-19 08:12:00.874329
ZENTEC,IT,2026-02-19 08:12:00.874329
ZFCVINDIA,Unknown,2026-02-19 08:12:00.874329
ZIMLAB,Unknown,2026-02-19 08:12:00.874329
ZODIAC,Energy,2026-02-19 08:12:00.874329
ZODIACLOTH,Unknown,2026-02-19 08:12:00.874329
ZOTA,Unknown,2026-02-19 08:12:00.874329
ZUARI,Unknown,2026-02-19 08:12:00.874329
ZUARIIND,Unknown,2026-02-19 08:12:00.874329
ZYDUSWELL,Unknown,2026-02-19 08:12:00.874329
